Lesson;Spanish;German;Wordtype;Gender;Number;LA
1;primer;erster;Adjektiv;M.;SG;
1;primero;erstes;Adjektiv;N.;SG;
1;primera;erste;Adjektiv;F.;SG;
1;la hora;Stunde;Nomen;F.;SG;
1;hola;hallo;Phrase;;;
1;yo me llamo;ich heiße;Phrase;;;
1;yo;ich;Pronomen;;;
1;llamarse;heißen;Verb;;;
1;y;und;Konjunktion;;;
1;soy;ich bin;Phrase;;;
1;ser;sein;Verb;;;
1;de;aus;Präposition;;;
1;México;Mexiko;Nomen;N.;SG;
1 A;Mis primeras palabras en español;Meine ersten spanischen Wörter;Phrase;;;
1 A;la palabra;Wort;Nomen;F.;SG;
1 A;en español;auf Spanisch;Phrase;;;
1 A;¿Cómo te llamas?;Wie heißt du?;Phrase;;;
1 A;tú;du;Pronomen;;;
1 A;¿Qué tal?;Wie geht's?;Phrase;;;
1 A;Encantado.;Sehr erfreut! / Angenehm!;Phrase;M.;SG;
1 A;Encantada.;Sehr erfreut! / Angenehm!;Phrase;F.;SG;
1 A;¡Buenos días!;Guten Tag! / Guten Morgen!;Phrase;;;
1 A;usted;Sie;Pronomen;;;
1 A;¿Cómo se llama?;Wie heißen Sie?;Phrase;;;
1 A;¡Mucho gusto!;Freut mich! Angenehm!;Phrase;;;
1 A;él;er;Pronomen;;;
1 A;ella;sie (Sg);Pronomen;F.;SG;
1 A;nosotros;wir;Pronomen;M.;PL;
1 A;nosotras;wir;Pronomen;F.;PL;
1 A;vosotros;ihr;Pronomen;M.;PL;
1 A;vosotras;ihr;Pronomen;F.;PL;
1 A;ellos;sie (Pl);Pronomen;M.;PL;
1 A;ellas;sie (Pl);Pronomen;F.;PL;
1 A;ustedes;Sie (Pl);Pronomen;;;
1 A;¿Y usted?;Und Sie?;Phrase;;;
1 A;la calle;Straße;Nomen;F.;SG;
1 A;el mercado;Markt;Nomen;M.;SG;
1 A;el museo botánico;botanisches Museum;Nomen;M.;SG;
1 A;el metro;U-Bahn;Nomen;M.;SG;
1 A;la Plaza;Platz;Nomen;F.;SG;
1 A;España;Spanien;Nomen;F.;SG;
1 A;la farmacia;Apotheke;Nomen;F.;SG;
1 A;la Plaza Mayor;Hauptplatz einer Stadt;Nomen;F.;SG;
1 A;el bar de tapas;Tapasbar;Nomen;M.;SG;
1 A;el bar;Bar (Gebäude);Nomen;M.;SG;
1 A;la tapa;Appetithäppchen;Nomen;F.;SG;
1 A;la autovía;Schnellstraße;Nomen;F.;SG;
1 A;prohibido;verboten;Adjektiv;;;
1 A;hacer fuego;Feuer machen;Phrase;;;
1 A;la universidad;Universität;Nomen;F.;SG;
1 A;la foto;Foto, Bild;Nomen;F.;SG;
1 A;la fotografía;Foto, Bild;Nomen;F.;SG;
1 A;el número;Nummer, Zahl;Nomen;M.;SG;
1 A;¿verdad?;stimmt's?;Phrase;;;
1 A;Creo que sí.;ich glaube ja;Phrase;;;
1 A;creer;glauben;Verb;;;
1 A;que;dass;Konjunktion;;;
1 A;sí;ja;Adverb;;;
1 A;creo que;ich glaube, dass;Phrase;;;
1 A;No sé.;Ich weiß (es) nicht.;Phrase;;;
1 A;no;nein;Adverb;;;
1 B;Pronunciamos y deletreamos;Wir sprechen aus und buchstabieren;Phrase;;;
1 B;¿Cómo se pronuncia?;Wie spricht man das aus?;Phrase;;;
1 B;Cuba;Kuba;Nomen;N.;SG;
1 B;Bolivia;Bolivien;Nomen;N.;SG;
1 B;Viena;Wien;Nomen;N.;SG;
1 B;Galicia;Galizien;Nomen;N.;SG;
1 B;Roma;Rom;Nomen;N.;SG;
1 B;Marruecos;Marokko;Nomen;N.;SG;
1 B;Perú;Peru;Nomen;N.;SG;
1 B;Canadá;Kanada;Nomen;N.;SG;
1 B;Francia;Frankreich;Nomen;N.;SG;
1 B;Suiza;Schweiz;Nomen;N.;SG;
1 B;Zúrich;Zürich;Nomen;N.;SG;
1 B;Japón;Japan;Nomen;N.;SG;
1 B;el cenicero;Aschenbecher;Nomen;M.;SG;
1 B;el zapatero;Schuster;Nomen;M.;SG;
1 B;el chico;Junge;Nomen;M.;SG;
1 B;la chica;Mädchen;Nomen;F.;SG;
1 B;el perro;Hund;Nomen;M.;SG;
1 B;pero;aber;Konjunktion;;;
1 B;arriba;oben, hinauf;Adverb;;;
1 B;la arepa;Arepa (Maismehlfladen);Nomen;F.;SG;
1 B;el alfabeto;Alphabet;Nomen;M.;SG;
1 B;doble;Doppel-, doppelt;Adjektiv;;;
1 B;con;mit;Präposition;;;
1 B;la diéresis;Umlaut;Nomen;F.;SG;
1 B;el acento;Akzent;Nomen;M.;SG;
1 B;la mayúscula;Großbuchstabe;Nomen;F.;SG;
1 B;la minúscula;Kleinbuchstabe;Nomen;F.;SG;
1 B;¿Cómo se escribe?;Wie schreibt man das?;Phrase;;;
1 B;escribir;schreiben;Verb;;;
1 B;¿Cómo se dice…?;Wie sagt man das?;Phrase;;;
1 B;decir;sagen;Verb;;;
1 B;el libro;Buch;Nomen;M.;SG;
1 B;a;oder;Konjunktion;;;
1 B;así;so;Adverb;;;
1 B;el bolígrafo;Kugelschreiber;Nomen;M.;SG;
1 B;en alemán;auf Deutsch;Phrase;;;
1 B;gracias;danke;Interjektion;;;
1 B;¿Qué?;Was?;Pronomen;;;
1 B;significar;bedeuten;Verb;;;
1 B;la pizarra;Tafel;Nomen;F.;SG;
1 B;la goma;Radiergummi;Nomen;F.;SG;
1 B;el reloj;Uhr;Nomen;M.;SG;
1 B;la agenda;Terminkalender;Nomen;F.;SG;
1 B;el lápiz;Bleistift;Nomen;M.;SG;
1 B;la mesa;Tisch;Nomen;F.;SG;
1 B;el estuche;Mäppchen;Nomen;M.;SG;
1 B;el cuaderno;Heft;Nomen;M.;SG;
1 B;la mochila;Rucksack;Nomen;F.;SG;
1 B;la tableta;Tablet-PC;Nomen;F.;SG;
1 B;la silla;Stuhl;Nomen;F.;SG;
1 C;más;mehr;Adjektiv;;;
1 C;Más despacio, por favor.;Langsamer, bitte.;Phrase;;;
1 C;por favor;bitte;Phrase;;;
1 C;poder (o -> ue);können;Verb;;;
1 C;repetir (e -> i);wiederholen;Verb;;;
1 C;escuchar;hören;Verb;;;
1 C;el diálogo;Dialog;Nomen;M.;SG;
1 C;otra vez;noch einmal, wieder;Phrase;;;
1 C;ya;schon;Adverb;;;
1 C;abrid (Inf: abrir);öffnet;Verb;;;
1 C;por;auf;Präposition;;;
1 C;la página;Seite;Nomen;F.;SG;
1 C;¿Qué?;Welche/r?;Pronomen;;;
1 C;tener (tengo, e -> ie);haben;Verb;;;
1 C;la pregunta;Frage;Nomen;F.;SG;
1 C;¡Adiós!;Tschüss!;Phrase;;;
1 C;próximo;nächster;Adjektiv;M.;SG;
1 C;próxima;nächster;Adjektiv;F.;SG;
1 C;la semana;Woche;Nomen;F.;SG;
1 C;claro;klar;Adjektiv;M.;SG;
1 C;clara;klar;Adjektiv;F.;SG;
1 C;estar (estoy);sein;Verb;;;
1 C;mis temas favoritos;meine Lieblingsthemen;Phrase;;;
1 C;la naturaleza;Natur;Nomen;F.;SG;
1 C;la política;Politik;Nomen;F.;SG;
1 C;el arte;Kunst;Nomen;M.;SG;
1 C;la música;Musik;Nomen;F.;SG;
1 C;la historia;Geschichte;Nomen;F.;SG;
1 C;la arquitectura;Architektur;Nomen;F.;SG;
1 C;la literatura;Literatur;Nomen;F.;SG;
1 C;la cocina;Küche, Kochkunst;Nomen;F.;SG;
1 C;el deporte;Sport;Nomen;M.;SG;
1 C;asociar;verbinden;Verb;;;
1 C;también;auch;Konjunktion;;;
1 C;la ciudad;Stadt;Nomen;F.;SG;
1 C;la estación;Station, Bahnhof, Jahreszeit;Nomen;F.;SG;
1 C;la pensión;Rente;Nomen;F.;SG;
1 C;saludos y despedidas;Begrüßungen und Verabschiedungen;Phrase;;;
1 C;¡Adiós, hasta mañana!;Tschüs, bis morgen!;Phrase;;;
1 C;mañana;morgen;Adverb;;;
1 C;¡Buenas tardes!;Guten Abend!;Phrase;;;
1 C;¡Hasta pronto!;Bis bald!;Phrase;;;
1 C;¡Chao!;Ciao!;Phrase;;;
1 C;¡Buenas noches!;Gute Nacht!;Phrase;;;
1 C;la noche;Nacht;Nomen;F.;SG;
1 AB;¿De quién?;Von wem?;Phrase;;;
1 AB;hablar;sprechen, reden;Verb;;;
1 AB;el estudiante Erasmus;Erasmusstudent;Nomen;M.;SG;
1 AB;la estudiante Erasmus;Erasmusstudentin;Nomen;F.;SG;
1 AB;Perdone,…;Entschuldigen Sie,…;Phrase;;;
1 AB;Colombia;Kolumbien;Nomen;;;
1 AB;¿Está bien así?;Ist es so richtig?;Phrase;;;
1 AB;la respuesta;Antwort;Nomen;F.;SG;
1 AB;pronunciar;aussprechen;Verb;;;
1 AB;la clase;Unterricht;Nomen;F.;SG;
1 AB;comprender;verstehen;Verb;;;
1 AB;la libreta;Heft, Notizbuch;Nomen;F.;SG;
1 AB;el CD;CD;Nomen;M.;SG;
1 AB;el diccionario;Wörterbuch;Nomen;M.;SG;
1 AB;el café;Kaffee, Café;Nomen;M.;SG;
1 AB;el restaurante;Restaurant;Nomen;M.;SG;
1 AB;el bombón;Praline, Schokoladenbonbon;Nomen;M.;SG;
1 AB;el país;Land;Nomen;M.;SG;
1 AB;la televisión;Fernsehen;Nomen;F.;SG;
1 AB;el dia;Tag;Nomen;M.;SG;
1 AB;el mapa;(Land)karte;Nomen;M.;SG;
1 AB;el programa;Programm;Nomen;M.;SG;
1 AB;el tema;Thema;Nomen;M.;SG;
1 AB;el problema;Problem;Nomen;M.;SG;
1 AB;el idioma;Sprache;Nomen;M.;SG;
1 AB;la mano;Hand;Nomen;F.;SG;
1 AB;la radio;Radio;Nomen;F.;SG;
1 AB;el mundo;Welt, Erde;Nomen;M.;SG;
1 AB;el desierto;Wüste;Nomen;M.;SG;
1 AB;la caña;kleines Bier;Nomen;F.;SG;
1 AB;la cerveza;Bier;Nomen;F.;SG;
1 AB;el guacamole;Avocadocreme;Nomen;M.;SG;
1 AB;la playa;Strand;Nomen;F.;SG;
1 AB;el Caribe;Karibik;Nomen;M.;SG;
1 AB;el volcán;Vulkan;Nomen;M.;SG;
1 AB;el fútbol;Fußball;Nomen;M.;SG;
1 AB;Argentina;Argentinien;Nomen;;;
1 AB;la isla;Insel;Nomen;F.;SG;
1 AB;el Mediterráneo;Mittelmeer;Nomen;M.;SG;
1 AB;la gastronomía;Gastronomie;Nomen;F.;SG;
1 AB;el cine;Kino, Filmkunst;Nomen;M.;SG;
1 AB;reaccionar;reagieren;Verb;;;
1 AB;Así como suena.;So hört sich es an.;Phrase;;;
2;mis;meine;Pronomen;;PL;
2;el compañero;Kommilitone;Nomen;M.;SG;
2;la compañera;Kommilitonin;Nomen;F.;SG;
2;el estudiante;Student;Nomen;M.;SG;
2;la estudiante;Studentin;Nomen;F.;SG;
2;de;von;Präposition;;;
2;la Traducción;Übersetzungswissenschaft;Nomen;F.;SG;
2;la Interpretación;Dolmetschwissenschaft;Nomen;F.;SG;
2;e;und;Konjunktion;;;
2;la Medicina;Medizin;Nomen;F.;SG;
2;el Periodismo;Journalismus;Nomen;M.;SG;
2;la Biología;Biologie;Nomen;F.;SG;
2;el Diseño Industrial;Industriedesign;Nomen;M.;SG;
2;mi;mein/e;Pronomen;;SG;
2;la lengua;Sprache;Nomen;F.;SG;
2 A;nos presentamos;wir stellen uns vor;Phrase;;;
2 A;presentarse;sich vorstellen;Verb;;;
2 A;¿Qué idiomas conoces?;Welche Sprachen kannst du?;Phrase;;;
2 A;inglés;Englisch;Nomen;M.;SG;
2 A;francés;Französisch;Nomen;M.;SG;
2 A;alemán;Deutsch;Nomen;M.;SG;
2 A;español;Spanisch;Nomen;M.;SG;
2 A;italiano;Italienisch;Nomen;M.;SG;
2 A;portugués;Portugiesisch;Nomen;M.;SG;
2 A;ruso;Russisch;Nomen;M.;SG;
2 A;chino;Chinesisch;Nomen;M.;SG;
2 A;otro;ein anderer;Adjektiv;M.;SG;
2 A;otra;ein anderer;Adjektiv;F.;SG;
2 A;leer;lesen;Verb;;;
2 A;muy bien;sehr gut;Adverb;;;
2 A;bastante bien;ziemlich gut;Adverb;;;
2 A;bien;gut;Adverb;;;
2 A;regular;mittelmäßig, durchschnittlich;Adverb;;;
2 A;un poco (de);ein bisschen;Adverb;;;
2 A;mal;o/a;Adjektiv;M.;SG;
2 A;mala;schlecht;Adjektiv;F.;SG;
2 A;bastante mal;ziemlich schlecht;Adverb;;;
2 A;muy mal;sehr schlecht;Adverb;;;
2 A;busco un intercambio;ich suche einen Austauschpartner;Phrase;;;
2 A;el intercambio de idiomas;Sprachaustausch;Nomen;M.;SG;
2 A;el nombre;Name;Nomen;M.;SG;
2 A;el idioma materno;Muttersprache;Nomen;M.;SG;
2 A;la nacionalidad;Nationalität;Nomen;F.;SG;
2 A;el irlandés;Ire;Nomen;M.;SG;
2 A;la irlandesa;Irin;Nomen;F.;SG;
2 A;Dublín;Dublin;Nomen;M.;SG;
2 A;ahora;jetzt;Adverb;;;
2 A;vivir;wohnen, leben;Verb;;;
2 A;Londres;London;Nomen;M.;SG;
2 A;estudiar;studieren, lernen;Verb;;;
2 A;la lengua materna;Muttersprache;Nomen;F.;SG;
2 A;aprender;lernen;Verb;;;
2 A;buscar;suchen;Verb;;;
2 A;para;um … zu;Präposition;;;
2 A;practicar;üben;Verb;;;
2 A;Berlín;Berlin;Nomen;M.;SG;
2 A;mis (Pl);meine;Pronomen;M.;PL;
2 A;turco;Türkisch;Nomen;M.;SG;
2 A;la conversación;Gespräch, Konversation;Nomen;F.;SG;
2 A;el amigo;Freund;Nomen;M.;SG;
2 A;la amiga;Freundin;Nomen;F.;SG;
2 A;nuestro;unser;Pronomen;M.;SG;
2 A;nuestra;unser;Pronomen;F.;SG;
2 A;catalán;Katalanisch;Nomen;M.;SG;
2 A;necesitar (+Inf);müssen, brauchen, benötigen;Verb;;;
2 A;el hispanohablante;spanischer Muttersprachler;Nomen;M.;SG;
2 A;la hispanohablante;spanische Muttersprachlerin;Nomen;F.;SG;
2 A;en;in;Präposition;;;
2 A;¿Dónde vives?;Wo wohnst du?;Phrase;;;
2 A;¿Dónde?;Wo?;Adverb;;;
2 A;¿De dónde eres?;Woher kommst du?;Phrase;;;
2 A;Turquía;Türkei;Nomen;F.;SG;
2 A;Austria;Österreich;Nomen;F.;SG;
2 A;los Estados Unidos;die Vereinigten Staaten (USA);Nomen;M.;PL;
2 A;Alemania;Deutschland;Nomen;F.;SG;
2 A;Rusia;Russland;Nomen;F.;SG;
2 A;Polonia;Polen;Nomen;F.;SG;
2 A;ruso;russisch;Adjektiv;M.;SG;
2 A;rusa;russisch;Adjektiv;F.;SG;
2 A;polaco;polnisch;Adjektiv;M.;SG;
2 A;polaca;polnisch;Adjektiv;F.;SG;
2 A;chino;chinesisch;Adjektiv;M.;SG;
2 A;china;chinesisch;Adjektiv;F.;SG;
2 A;alemán;deutsch;Adjektiv;M.;SG;
2 A;alemana;deutsch;Adjektiv;F.;SG;
2 A;portugués;portugiesisch;Adjektiv;M.;SG;
2 A;portuguesa;portugiesisch;Adjektiv;F.;SG;
2 A;turco;türkisch;Adjektiv;M.;SG;
2 A;turca;türkisch;Adjektiv;F.;SG;
2 A;marroquí;marokkanisch;Adjektiv;M.;SG;
2 A;austriaco;österreichisch;Adjektiv;M.;SG;
2 A;austriaca;österreichisch;Adjektiv;F.;SG;
2 A;japonés;japanisch;Adjektiv;M.;SG;
2 A;japonesa;japanisch;Adjektiv;F.;SG;
2 A;estadounidense;US-amerikanisch;Adjektiv;M.;SG;
2 A;francés;französisch;Adjektiv;M.;SG;
2 A;francesa;französisch;Adjektiv;F.;SG;
2 A;belga;belgisch;Adjektiv;M.;SG;
2 A;Soy polaco;Ich bin Pole;Phrase;M.;SG;
2 A;Soy polaca;Ich bin Polin;Phrase;F.;SG;
2 A;Soy de Polonia;Ich komme aus Polen;Phrase;;;
2 A;el estudio universitario;Studiengang;Nomen;M.;SG;
2 A;el tiempo libre;Freizeit;Nomen;M.;SG;
2 A;tocar;spielen (Instrument);Verb;;;
2 A;el instrumento;Instrument;Nomen;M.;SG;
2 A;quedar;sich treffen;Verb;;;
2 A;cocinar;kochen;Verb;;;
2 A;bailar;tanzen;Verb;;;
2 A;correr;rennen, joggen gehen;Verb;;;
2 A;ver la tele;fernsehen;Phrase;;;
2 A;la revista;Zeitschrift;Nomen;F.;SG;
2 A;el periódico;Zeitung;Nomen;M.;SG;
2 A;viajar;reisen;Verb;;;
2 A;cantar;singen;Verb;;;
2 A;el coro;Chor;Nomen;M.;SG;
2 B;el curso de idiomas;Sprachkurs;Nomen;M.;SG;
2 B;el curso;Kurs;Nomen;M.;SG;
2 B;el formulario de inscripción;Einschreibeformular;Nomen;M.;SG;
2 B;el apellido;Nachname;Nomen;M.;SG;
2 B;la facultad;Fakultät;Nomen;F.;SG;
2 B;la carrera;Studium, Studiengang;Nomen;F.;SG;
2 B;el lugar de residencia;Wohnort;Nomen;M.;SG;
2 B;el lugar;Ort;Nomen;M.;SG;
2 B;la dirección;Adresse;Nomen;F.;SG;
2 B;el teléfono;Telefon;Nomen;M.;SG;
2 B;el correo electrónico;E-Mail;Nomen;M.;SG;
2 B;el curso intensivo;Intensivkurs;Nomen;M.;SG;
2 B;la  Cultura;Kultur;Nomen;F.;SG;
2 B;el curso individual;Privatkurs;Nomen;M.;SG;
2 B;el curso específico;Spezialkurs;Nomen;M.;SG;
2 B;el curso de preparación;Vorbereitungskurs;Nomen;M.;SG;
2 B;el DELE;spanisches Sprachenzertifikat;Nomen;M.;SG;
2 B;¿Cuál?;Welcher?;Pronomen;;;
2 B;tu;dein/e;Pronomen;;;
2 B;¿Cuál es tu número de teléfono?;Wie ist deine Telefonnummer?;Phrase;;;
2 B;el número de teléfono;Telefonnummer;Nomen;M.;SG;
2 B;el estudio;Studienfach, Studium;Nomen;M.;SG;
2 B;la arroba;Klammeraffe, @;Nomen;F.;SG;
2 B;el punto;Punkt;Nomen;M.;SG;
2 B;la barra;Schrägstrich;Nomen;F.;SG;
2 B;el guion;Bindestrich;Nomen;M.;SG;
2 B;el guion bajo;Unterstrich;Nomen;M.;SG;
2 B;emergencias;Notruf;Nomen;;PL;
2 B;el aeropuerto;Flughafen;Nomen;M.;SG;
2 B;el servicio al estudiante;Studentenservice;Nomen;M.;SG;
2 B;los bomberos;Feuerwehr;Nomen;;PL;
2 B;Correos;Post;Nomen;;;
2 B;la Cruz Roja;Rotes Kreuz;Nomen;F.;SG;
2 B;Objetos Perdidos;Fundbüro;Nomen;;;
2 B;el objeto;Gegenstand;Nomen;M.;SG;
2 B;la Policía;Polizei;Nomen;F.;SG;
2 B;Radio Taxi;Taxiruf;Nomen;;;
2 B;Renfe;spanisches Eisenbahnunternehmen;Nomen;;;
2 B;del;vom;Konjunktion;;;
2 B;el móvil;Handy;Nomen;M.;SG;
2 C;mis intereses;meine Interessen;Phrase;;;
2 C;¿Por qué?;Warum?;Phrase;;;
2 C;por;durch;Präposition;;;
2 C;Latinoamérica;Lateinamerika;Nomen;F.;SG;
2 C;chatear;chatten;Verb;;;
2 C;la gente;Leute;Nomen;F.;SG;
2 C;de habla hispana;spanischsprachig;Phrase;;;
2 C;ir;gehen, reisen;Verb;;;
2 C;a;nach;Präposition;;;
2 C;hacer;machen, tun;Verb;;;
2 C;las prácticas;Praktikum;Nomen;F.;PL;
2 C;porque;weil;Konjunktion;;;
2 C;el placer;Vergnügen;Nomen;M.;SG;
2 C;el trabajo;Arbeit;Nomen;M.;SG;
2 C;conocer;kennen, kennenlernen;Verb;;;
2 C;nuevo;neu;Adjektiv;M.;SG;
2 C;nueva;neu;Adjektiv;F.;SG;
2 Proyecto;la actividad;Aktivität, Beschäftigung;Nomen;F.;SG;
2 Proyecto;os;euch;Pronomen;;;
2 Proyecto;(la) Ingeniería Ambiental;Umweltingenieurwesen;Nomen;F.;SG;
2 Proyecto;la guitarra;Gitarre;Nomen;F.;SG;
2 Proyecto;ver;sehen;Verb;;;
2 Mi gramática;el Derecho;Jura;Nomen;M.;SG;
2 Mi gramática;el novio;fester Freund, Partner;Nomen;M.;SG;
2 Mi gramática;aquí;hier;Adverb;;;
2 Mi léxico;el tango;Tango;Nomen;M.;SG;
2 Mi léxico;el poncho;Poncho;Nomen;M.;SG;
2 Mi léxico;el baile;Tanz;Nomen;M.;SG;
2 Mi léxico;la artesanía;Kunsthandwerk;Nomen;F.;SG;
2 Mi léxico;el paisaje;Landschaft;Nomen;M.;SG;
2 Mi léxico;el mate;Mate(tee);Nomen;M.;SG;
2 Mi léxico;la hamaca;Hängematte;Nomen;F.;SG;
2 Mi léxico;la Amazonía;Amazonasgebiet;Nomen;F.;SG;
2 Mi léxico;el chocolate;Schokolade;Nomen;M.;SG;
2 Mi léxico;mexicano;mexikanisch;Adjektiv;M.;SG;
2 Mi léxico;mexicana;mexikanisch;Adjektiv;F.;SG;
2 Mi léxico;guatemalteco;guatemaltekisch;Adjektiv;M.;SG;
2 Mi léxico;guatemalteca;guatemaltekisch;Adjektiv;F.;SG;
2 Mi léxico;hondureño;honduranisch;Adjektiv;M.;SG;
2 Mi léxico;hondureña;honduranisch;Adjektiv;F.;SG;
2 Mi léxico;salvadoreño;salvadorianisch;Adjektiv;M.;SG;
2 Mi léxico;salvadoreña;salvadorianisch;Adjektiv;F.;SG;
2 Mi léxico;la fauna;Fauna;Nomen;F.;SG;
2 Mi léxico;costarricense;costa-ricanisch;Adjektiv;;SG;
2 Mi léxico;nicaragüense;nicaraguanisch;Adjektiv;;SG;
2 Mi léxico;el sombrero;Hut;Nomen;M.;SG;
2 Mi léxico;panameño;panamaisch;Adjektiv;M.;SG;
2 Mi léxico;panameña;panamaisch;Adjektiv;F.;SG;
2 Mi léxico;cubano;kubanisch;Adjektiv;M.;SG;
2 Mi léxico;cubana;kubanisch;Adjektiv;F.;SG;
2 Mi léxico;dominicano;dominikanisch;Adjektiv;M.;SG;
2 Mi léxico;dominicana;dominikanisch;Adjektiv;F.;SG;
2 Mi léxico;puertorriqueño;puerto-ricanisch;Adjektiv;M.;SG;
2 Mi léxico;puertorriqueña;puerto-ricanisch;Adjektiv;F.;SG;
2 Mi léxico;el oro;Gold;Nomen;M.;SG;
2 Mi léxico;colombiano;kolumbianisch;Adjektiv;M.;SG;
2 Mi léxico;colombiana;kolumbianisch;Adjektiv;F.;SG;
2 Mi léxico;venezolano;venezolanisch;Adjektiv;M.;SG;
2 Mi léxico;venezolana;venezolanisch;Adjektiv;F.;SG;
2 Mi léxico;peruano;peruanisch;Adjektiv;M.;SG;
2 Mi léxico;peruana;peruanisch;Adjektiv;F.;SG;
2 Mi léxico;ecuatoriano;ecuadorianisch;Adjektiv;M.;SG;
2 Mi léxico;ecuatoriana;ecuadorianisch;Adjektiv;F.;SG;
2 Mi léxico;paraguayo;paraguayisch;Adjektiv;M.;SG;
2 Mi léxico;paraguaya;paraguayisch;Adjektiv;F.;SG;
2 Mi léxico;boliviano;bolivianisch;Adjektiv;M.;SG;
2 Mi léxico;boliviana;bolivianisch;Adjektiv;F.;SG;
2 Mi léxico;chileno;chilenisch;Adjektiv;M.;SG;
2 Mi léxico;chilena;chilenisch;Adjektiv;F.;SG;
2 Mi léxico;argentino;argentinisch;Adjektiv;M.;SG;
2 Mi léxico;argentina;argentinisch;Adjektiv;F.;SG;
2 Mi léxico;colonial;kolonial;Adjektiv;;SG;
2 Mi léxico;uruguayo;urugayisch;Adjektiv;M.;SG;
2 Mi léxico;uruguaya;urugayisch;Adjektiv;F.;SG;
2 Mi léxico;la estrategia;Strategie;Nomen;F.;SG;
2 Cultura;la fecha de nacimiento;Geburtsdatum;Nomen;F.;SG;
2 Cultura;el lugar de nacimiento;Geburtsort;Nomen;M.;SG;
2 Cultura;la fecha;Datum;Nomen;F.;SG;
2 Cultura;septiembre;September;Nomen;M.;SG;
2 Cultura;la profesión;Beruf;Nomen;F.;SG;
2 Cultura;el político;Politiker;Nomen;M.;SG;
2 Cultura;la política;Politikerin;Nomen;F.;SG;
2 Cultura;el médico pediatra;Kinderarzt;Nomen;M.;SG;
2 Cultura;la médica pediatra;Kinderärztin;Nomen;F.;SG;
2 Cultura;el estado civil;Familienstand;Nomen;M.;SG;
2 Cultura;divorciado;geschieden;Adjektiv;M.;SG;
2 Cultura;divorciada;geschieden;Adjektiv;F.;SG;
2 Cultura;los hijos;Kinder;Nomen;M.;PL;
2 AB;Oficina de Relaciones Internacionales;Auslandsamt an einer Universität;Phrase;;;
2 AB;(la) Psicología;Psychologie;Nomen;F.;SG;
2 AB;similar;ähnlich;Adjektiv;;;
2 AB;importante;wichtig;Adjektiv;;;
2 AB;difícil;schwierig;Adjektiv;;;
2 AB;unir;verbinden, vereinigen;Verb;;;
2 AB;la frase;Satz;Nomen;F.;SG;
2 AB;holandés;Niederländisch;Adjektiv;;;
2 AB;la leyenda;Legende;Nomen;F.;SG;
2 AB;la capital;Hauptstadt;Nomen;F.;SG;
2 AB;la tecnología;Technologie;Nomen;F.;SG;
2 AB;el ordenador;Computer;Nomen;M.;SG;
2 AB;la mujer;Frau;Nomen;F.;SG;
2 AB;europeo;europäisch;Adjektiv;M.;SG;
2 AB;europea;europäisch;Adjektiv;F.;SG;
2 AB;el hombre;Mann;Nomen;M.;SG;
2 AB;el continente;Kontinent;Nomen;M.;SG;
2 AB;americano;amerikanisch;Adjektiv;M.;SG;
2 AB;americana;amerikanisch;Adjektiv;F.;SG;
2 AB;latinoamericano;lateinamerikanisch;Adjektiv;M.;SG;
2 AB;latinoamericana;lateinamerikanisch;Adjektiv;F.;SG;
2 AB;el monumento;Denkmal, Monument;Nomen;M.;SG;
2 AB;el Atlántico;Atlantik;Nomen;M.;SG;
2 AB;la abreviatura;Abkürzung;Nomen;F.;SG;
2 AB;Comunicación de Empresa;Unternehmenskommunikation;Phrase;;;
2 AB;la empresa;Firma, Unternehmen;Nomen;F.;SG;
2 AB;el interrogativo;Frage-, Interrogativ;Adjektiv;M.;SG;
2 AB;Meeresel;marina;Nomen;;;
2 AB;fijo;Festnetz;Adjektiv;;;
2 AB;el verbo;Verb;Nomen;M.;SG;
2 AB;sueco;Schwedisch;Adjektiv;;;
2 AB;la academia;Privatschule, Akademie;Nomen;F.;SG;
2 AB;extranjero;fremd;Adjektiv;M.;SG;
2 AB;extranjera;fremd;Adjektiv;F.;SG;
2 AB;Estocolmo;Stockholm;Nomen;;;
2 AB;publicar;veröffentlichen;Verb;;;
2 AB;el comentario;Kommentar;Nomen;M.;SG;
2 AB;Países Bajos;Niederlande;Nomen;;;
2 AB;Bélgica;Belgien;Nomen;;;
2 AB;vasco;Baskisch;Adjektiv;;;
2 AB;la Präposition;Präposition;Nomen;F.;SG;
2 AB;completo;vollständig, komplett;Adjektiv;M.;SG;
2 AB;completa;vollständig, komplett;Adjektiv;F.;SG;
2 AB;Pekín;Peking;Nomen;;;
2 AB;París;Paris;Nomen;;;
2 AB;Bruselas;Brüssel;Nomen;;;
2 AB;la fiesta;Fest, Party;Nomen;F.;SG;
2 AB;la casa;Haus;Nomen;F.;SG;
2 AB;genial;toll, genial;Adjektiv;;;
2 AB;el latino;Person aus Lateinamerika;Nomen;M.;SG;
2 AB;la latina;Person aus Lateinamerika;Nomen;F.;SG;
2 AB;las vacaciones;Ferien, Urlaub;Nomen;F.;PL;
2 AB;servir;nutzen, dienen;Verb;;;
2 AB;la zapatilla (de deporte);Turnschuh;Nomen;F.;SG;
2 AB;el pasaporte;Pass;Nomen;M.;SG;
2 AB;el significado;Bedeutung;Nomen;M.;SG;
2 AB;utilizar;benutzen, gebrauchen;Verb;;;
2 AB;sin;ohne;Konjunktion;;;
2 AB;el sujeto;Subjekt;Nomen;M.;SG;
2 AB;el centro;Mitte, Zentrum;Nomen;M.;SG;
2 AB;el piso;Wohnung;Nomen;M.;SG;
2 AB;solo;alleine, nur;Adjektiv;M.;SG;
2 AB;sola;alleine, nur;Adjektiv;F.;SG;
2 AB;cerca;in der Nähe, nah;Adverb;;;
2 AB;la beca;Stipendium;Nomen;F.;SG;
2 AB;el suizo;Schweizer;Nomen;M.;SG;
2 AB;la suiza;Schweizerin;Nomen;F.;SG;
2 AB;después (de);nach;Konjunktion;;;
2 AB;el chat;Chat;Nomen;M.;SG;
2 AB;la dificultad;Schwierigkeit;Nomen;F.;SG;
2 AB;el aprendizaje;(Er)lernen;Nomen;M.;SG;
2 AB;el español;Spanier;Nomen;M.;SG;
2 AB;la española;Spanierin;Nomen;F.;SG;
2 AB;el contacto;Kontakt;Nomen;M.;SG;
2 AB;divertido;lustig;Adjektiv;M.;SG;
2 AB;divertida;lustig;Adjektiv;F.;SG;
2 AB;siempre;immer;Adverb;;;
2 AB;muchas veces;oft;Adverb;;;
2 AB;la pronunciación;Aussprache;Nomen;F.;SG;
3;Mis amigos, mi familia;Meine Freunde, meine Familie;Phrase;;;
3;la chica;Mädchen;Nomen;F.;SG;
3;de la foto;auf dem Foto;Phrase;;;
3;el pelo;Haar(e);Nomen;M.;SG;
3;rizado;gelockt;Adjektiv;M.;SG;
3;rizada;gelockte;Adjektiv;F.;SG;
3;rubio;blond;Adjektiv;M.;SG;
3;rubia;blonde;Adjektiv;F.;SG;
3;oscuro;dunkel;Adjektiv;M.;SG;
3;oscura;dunkle;Adjektiv;F.;SG;
3;el ojo;Auge;Nomen;M.;SG;
3;marrón;braun;Adjektiv;;SG;
3;llevar;tragen, haben;Verb;;;
3;la barba;Bart;Nomen;M.;SG;
3;muy;sehr;Adverb;;;
3;simpático;nett, symphatisch;Adjektiv;M.;SG;
3;simpática;nette, symphatische;Adjektiv;F.;SG;
3;las gafas;Brille;Nomen;F.;PL;
3;serio;ernst;Adjektiv;M.;SG;
3;seria;ernste;Adjektiv;F.;SG;
3 A;¿Cómo?;Wie?;Phrase;;;
3 A;Mi año en Buenos Aires;Mein Jahr in Buenos Aires;Phrase;;;
3 A;el inicio;Beginn;Nomen;M.;SG;
3 A;desde;von…(aus/an);Präposition;;;
3 A;hoy;heute;Adverb;;;
3 A;el campus;Campus;Nomen;M.;SG;
3 A;estos que...;diese hier, die;Phrase;;;
3 A;a la izquierda;links;Adverb;;;
3 A;alto;groß;Adjektiv;M.;SG;
3 A;alta;große;Adjektiv;F.;SG;
3 A;delgado;schlank;Adjektiv;M.;SG;
3 A;delgada;schlanke;Adjektiv;F.;SG;
3 A;tiene 21 años;er/sie ist 21 Jahre alt;Phrase;;;
3 A;el brasileño;Brasilianier;Nomen;M.;SG;
3 A;la brasileña;Brasilianierin;Nomen;F.;SG;
3 A;deportista;sportlich;Adjektiv;;SG;
3 A;el jugador de baloncesto;Basketballspieler;Nomen;M.;SG;
3 A;corto;kurz;Adjektiv;M.;SG;
3 A;corta;kurze;Adjektiv;F.;SG;
3 A;sociable;gesellig;Adjektiv;;SG;
3 A;todos;alle;Pronomen;;PL;
3 A;lo;ihn;Pronomen;M.;SG;
3 A;“peque” (ugs) pequeño;„Kleiner“;Phrase;;;
3 A;pequeño;klein;Adjektiv;M.;SG;
3 A;pequeña;kleine;Adjektiv;F.;SG;
3 A;bajito;klein;Adjektiv;M.;SG;
3 A;bajita;kleine;Adjektiv;F.;SG;
3 A;además;außerdem;Adverb;;;
3 A;verde;grün;Adjektiv;;SG;
3 A;precioso;wunderschön;Adjektiv;M.;SG;
3 A;preciosa;wunderschöne;Adjektiv;F.;SG;
3 A;las gafas de sol;Sonnenbrille;Nomen;F.;PL;
3 A;el bigote;Schnurrbart;Nomen;M.;SG;
3 A;tranquilo;ruhig;Adjektiv;M.;SG;
3 A;a veces;manchmal;Adverb;;;
3 A;amable;freundlich;Adjektiv;;SG;
3 A;les;Ihnen, euch (LA);Pronomen;;PL;LA
3 A;el compañero;Mitbewohner;Nomen;M.;SG;
3 A;la compañera;Mitbewohnerin;Nomen;F.;SG;
3 A;la habitación;Zimmer;Nomen;F.;SG;
3 A;moreno;dunkelhaarig;Adjektiv;M.;SG;
3 A;morena;dunkelhaarige;Adjektiv;F.;SG;
3 A;largo;lang;Adjektiv;M.;SG;
3 A;larga;lange;Adjektiv;F.;SG;
3 A;la persona;Person;Nomen;F.;SG;
3 A;encantador;reizend, bezaubernd;Adjektiv;M.;SG;
3 A;encantadora;reizende, bezaubernde;Adjektiv;F.;SG;
3 A;extrovertido;extrovertiert;Adjektiv;M.;SG;
3 A;extrovertida;extrovertierte;Adjektiv;F.;SG;
3 A;la Educación física;Sport-Lehramt;Nomen;F.;SG;
3 A;el Deporte;Sport (Studiengang);Nomen;M.;SG;
3 A;a su lado;an ihrer/seiner Seite;Phrase;;;
3 A;castaño claro;hellbraun;Adjektiv;;SG;
3 A;inteligente;intelligent;Adjektiv;;SG;
3 A;primero de Medicina;Medizinstudium im 1. Jahr;Phrase;;;
3 A;como;wie;Konjunktion;;;
3 A;¿Quién soy?;Wer bin ich?;Phrase;;;
3 A;en este;in diesem;Adverb;;;
3 A;el blog;Blog;Nomen;M.;SG;
3 A;sobre;über;Präposition;;;
3 A;la experiencia;Erfahrung;Nomen;F.;SG;
3 A;el estudiante de intercambio;Austauschstudent;Nomen;M.;SG;
3 A;la estudiante de intercambio;Austauschstudentin;Nomen;F.;SG;
3 A;la entrada reciente;kürzlich gemachter Eintrag;Phrase;;;
3 A;el día;Tag;Nomen;M.;SG;
3 A;de paseo por…;ein Spaziergang durch…;Phrase;;;
3 A;dejar;hinterlassen;Verb;;;
3 A;de carácter;vom Charakter her;Phrase;;;
3 A;¿De quién hablamos?;Von wem reden wir?;Phrase;;;
3 A;pues;also;Konjunktion;;;
3 A;correcto;richtig, korrekt;Adjektiv;M.;SG;
3 A;correcta;richtige, korrekte;Adjektiv;F.;SG;
3 A;lo siento;es tut mir leid;Phrase;;;
3 A;castaño;kastanienbraun;Adjektiv;;SG;
3 A;gris;grau;Adjektiv;;SG;
3 A;azul;blau;Adjektiv;;SG;
3 A;negro;schwarz;Adjektiv;M.;SG;
3 A;negra;schwarze;Adjektiv;F.;SG;
3 B;esta es mi familia;dies ist meine Familie;Phrase;;;
3 B;la familia;Familie;Nomen;F.;SG;
3 B;Cuéntame;spanische Fernsehserie;Nomen;;;
3 B;os voy a presentar;ich werde euch vorstellen;Phrase;;;
3 B;mis;meine;Pronomen;;;
3 B;los padres;Eltern;Nomen;M.;PL;
3 B;el señor;Mann, Herr;Nomen;M.;SG;
3 B;el abuelo;Opa;Nomen;M.;SG;
3 B;la abuela;Oma;Nomen;F.;SG;
3 B;la madre;Mutter;Nomen;F.;SG;
3 B;viudo;verwitwet;Adjektiv;M.;SG;
3 B;viuda;verwitwet;Adjektiv;F.;SG;
3 B;por eso;deswegen, deshalb;Konjunktion;;;
3 B;vive con nosotros;er/sie wohnt bei uns;Phrase;;;
3 B;los hermanos;Geschwister;Nomen;M.;PL;
3 B;el padre;Vater;Nomen;M.;SG;
3 B;sí;schon, doch;Konjunktion;;;
3 B;calvo;kahlköpfig;Adjektiv;M.;SG;
3 B;calva;kahlköpfig;Adjektiv;F.;SG;
3 B;al lado de;neben;Konjunktion;;;
3 B;el tío;Onkel;Nomen;M.;SG;
3 B;la tía;Tante;Nomen;F.;SG;
3 B;la hija;Tochter;Nomen;F.;SG;
3 B;el primo;Cousin;Nomen;M.;SG;
3 B;la prima;Cousine;Nomen;F.;SG;
3 B;el hermano;Bruder;Nomen;M.;SG;
3 B;la hermana;Schwester;Nomen;F.;SG;
3 B;mayor;ältester;Adjektiv;;;
3 B;separado;getrennt;Adjektiv;M.;SG;
3 B;separada;getrennt;Adjektiv;F.;SG;
3 B;el sobrino;Neffe;Nomen;M.;SG;
3 B;la sobrina;Nichte;Nomen;F.;SG;
3 B;por último;zuletzt, schließlich;Konjunktion;;;
3 B;soltero;ledig;Adjektiv;M.;SG;
3 B;soltera;ledig;Adjektiv;F.;SG;
3 B;apetecer;Lust haben auf;Verb;;;
3 B;estos;diese hier, die;Pronomen;M.;PL;
3 B;estas;diese hier, die;Pronomen;F.;PL;
3 B;este;dieser hier, der;Pronomen;M.;SG;
3 B;esta;dieser hier, der;Pronomen;F.;SG;
3 B;¿Quién?;Wer?;Pronomen;;;
3 B;¿Cuántos?;Wie viele?;Pronomen;M.;PL;
3 B;¿Cuántas?;Wie viele?;Pronomen;F.;PL;
3 B;el año;Jahr;Nomen;M.;SG;
3 B;casado;verheiratet;Adjektiv;M.;SG;
3 B;casada;verheiratet;Adjektiv;F.;SG;
3 B;mi árbol genealógico;mein Stammbaum;Phrase;;;
3 B;¿Cuántos años tienen?;Wie alt sind sie?;Phrase;;;
3 B;unos;ungefähr;Pronomen;M.;PL;
3 B;unas;ungefähr;Pronomen;F.;PL;
3 C;estudios y profesiones;Studiengänge und Berufe;Nomen;;;
3 C;relacionado;zusammenhängen mit;Adjektiv;M.;SG;
3 C;relacionada;zusammenhängen mit;Adjektiv;F.;SG;
3 C;entre;hier: unter;Präposition;;;
3 C;favorito;Lieblingsel;Adjektiv;M.;SG;
3 C;favorita;Lieblingsel;Adjektiv;F.;SG;
3 C;área;Gebiet;Nomen;F.;SG;
3 C;las Ciencias de la Salud;Gesundheitswissenschaften;Nomen;F.;PL;
3 C;la ciencia;Wissenschaft;Nomen;F.;SG;
3 C;un 25%;25 Prozent;Nomen;;;
3 C;concreto;konkret;Adjektiv;M.;SG;
3 C;el enfermero;Krankenpfleger;Nomen;M.;SG;
3 C;la enfermera;Krankenschwester;Nomen;F.;SG;
3 C;el psicólogo;Psychologe;Nomen;M.;SG;
3 C;la psicóloga;Psychologin;Nomen;F.;SG;
3 C;valorado;geschätzt;Adjektiv;M.;SG;
3 C;valorada;geschätzt;Adjektiv;F.;SG;
3 C;seguir;folgen;Verb;;;
3 C;(la) Ingeniería;Ingenieurwissenschaft;Nomen;F.;SG;
3 C;por detrás (da);hinter;Präposition;;;
3 C;escoger;(aus)wählen;Verb;;;
3 C;el biólogo;Biologe;Nomen;M.;SG;
3 C;la bióloga;Biologin;Nomen;F.;SG;
3 C;el químico;Chemiker;Nomen;M.;SG;
3 C;la química;Chemikerin;Nomen;F.;SG;
3 C;querer;wollen;Verb;;;
3 C;el maestro;Lehrer;Nomen;M.;SG;
3 C;la maestra;Lehrerin;Nomen;F.;SG;
3 C;el profesor;Lehrer;Nomen;M.;SG;
3 C;la profesora;Lehrerin;Nomen;F.;SG;
3 C;el instituto;Gymnasium;Nomen;M.;SG;
3 C;(el) Magisterio;Lehramt;Nomen;M.;SG;
3 C;la Educación;Bildung, Erziehung, Pädagogik;Nomen;F.;SG;
3 C;la opción;Auswahlmöglichkeit;Nomen;F.;SG;
3 C;trabajar;arbeiten;Verb;;;
3 C;terminar;beenden, enden;Verb;;;
3 C;elegir (e -> i);(aus)wählen;Verb;;;
3 C;privado;privat;Adjektiv;M.;SG;
3 C;privada;privat;Adjektiv;F.;SG;
3 C;afirmar;bestätigen, behaupten;Verb;;;
3 C;montar;errichten, eröffnen;Verb;;;
3 C;mientras que;wohingegen, während;Konjunktion;;;
3 C;el funcionario;Beamter;Nomen;M.;SG;
3 C;la funcionaria;Beamtin;Nomen;F.;SG;
3 C;el informático;Informatiker;Nomen;M.;SG;
3 C;la informática;Informatikerin;Nomen;F.;SG;
3 C;el músico;Musiker;Nomen;M.;SG;
3 C;la música;Musikerin;Nomen;F.;SG;
3 C;el mecánico;Mechaniker;Nomen;M.;SG;
3 C;la mecánica;Mechanikerin;Nomen;F.;SG;
3 C;el coche;Auto;Nomen;M.;SG;
3 C;el actor;Schauspieler;Nomen;M.;SG;
3 C;la actriz;Schauspielerin;Nomen;F.;SG;
3 C;el pintor;Maler;Nomen;M.;SG;
3 C;la pintora;Malerin;Nomen;F.;SG;
3 C;el taxista;Taxifahrer;Nomen;M.;SG;
3 C;la taxista;Taxifahrerin;Nomen;F.;SG;
3 C;el dentista;Zahnarzt;Nomen;M.;SG;
3 C;la dentista;Zahnärztin;Nomen;F.;SG;
3 C;el empleado;Angestellter;Nomen;M.;SG;
3 C;la empleada;Angestellte;Nomen;F.;SG;
3 C;el banco;Bank (Geldinstitut);Nomen;M.;SG;
3 C;la tienda;Geschäft;Nomen;F.;SG;
3 C;el cocinero;Koch;Nomen;M.;SG;
3 C;la cocinera;Köchin;Nomen;F.;SG;
3 C;el policía;Polizist;Nomen;M.;SG;
3 C;la policía;Polizistin;Nomen;F.;SG;
3 C;el camarero;Kellner;Nomen;M.;SG;
3 C;la camarera;Kellnerin;Nomen;F.;SG;
3 C;el periodista;Journalist;Nomen;M.;SG;
3 C;la periodista;Journalistin;Nomen;F.;SG;
3 C;desde hace;seit;Präposition;;;
3 C;el economista;Volkswirtschaftler;Nomen;M.;SG;
3 C;la economista;Volkswirtschaftlerin;Nomen;F.;SG;
3 C;me gusta;mir gefällt;Phrase;;;
3 C;en paro;arbeitslos;Adjektiv;;;
3 C;el minijob;Minijob;Nomen;M.;SG;
3 C;cuidar;pflegen, betreuen;Verb;;;
3 C;la persona mayor;Senior/in;Nomen;F.;SG;
3 C;ayudar;helfen;Verb;;;
3 C;el joven;Jugendlicher;Nomen;M.;SG;
3 C;la joven;Jugendliche;Nomen;F.;SG;
3 C;tengo 28 años;ich bin 28 Jahre alt;Phrase;;;
3 C;el fin de semana;Wochenende;Nomen;M.;SG;
3 C;ganar dinero;Geld verdienen;Phrase;;;
3 C;el dinero;Geld;Nomen;M.;SG;
3 C;encantar;gut gefallen, begeistern;Verb;;;
3 C;trabajar como;arbeiten als;Phrase;;;
3 C;el hospital;Krankenhaus;Nomen;M.;SG;
3 C;¿A qué te dedicas?;Was machst du beruflich?;Phrase;;;
3 C;dedicar(se);(sich) widmen;Verb;;;
3 C;Trabajo de enfermera.;Ich arbeite als Krankenschwester.;Phrase;;;
3 C;el bar de copas;Bar;Nomen;M.;SG;
3 C;la copa;Weinglas, Drink;Nomen;F.;SG;
3 C;el hotel;Hotel;Nomen;M.;SG;
3 C;la oficina;Büro;Nomen;F.;SG;
3 C;el supermercado;Supermarkt;Nomen;M.;SG;
3 C;la escuela;Schule;Nomen;F.;SG;
3 C;durante;während;Präposition;;;
3 C;el guía turístico;Touristenführer;Nomen;M.;SG;
3 C;la guía turística;Touristenführerin;Nomen;F.;SG;
3 C;tampoco;auch nicht;Adverb;;;
3 Proyecto;¿De dónde?;Woher?;Phrase;;;
3 Proyecto;la edad;Alter;Nomen;F.;SG;
3 Proyecto;el carácter;Charakter;Nomen;M.;SG;
3 Proyecto;la descripción;Beschreibung;Nomen;F.;SG;
3 Proyecto;físico;körperlich;Adjektiv;M.;SG;
3 Proyecto;física;körperlich;Adjektiv;F.;SG;
3 Mi gramática;el futbolista;Fußballspieler;Nomen;M.;SG;
3 Mi gramática;la futbolista;Fußballspielerin;Nomen;F.;SG;
3 Mi gramática;joven;jung;Adjektiv;;SG;
3 Mi gramática;el coeficiente intelectual;Intelligenzquotient;Nomen;M.;SG;
3 Mi gramática;por;aufgrund von, wegen;Präposition;;;
3 Mi gramática;el cantante;Sänger;Nomen;M.;SG;
3 Mi gramática;la cantante;Sängerin;Nomen;F.;SG;
3 Mi gramática;famoso;berühmt, großartig;Adjektiv;M.;SG;
3 Mi gramática;famosa;berühmt, großartig;Adjektiv;F.;SG;
3 Mi gramática;alegre;fröhlich, lustig;Adjektiv;;SG;
3 Mi gramática;su;sein/e;Pronomen;;;
3 Mi gramática;mira;schau;Verb;;;
3 Mi gramática;estos;diese hier;Pronomen;;;
3 Mi gramática;la señora;Frau;Nomen;F.;SG;
3 Mi gramática;Muchas gracias.;Vielen Dank.;Phrase;;;
3 Mi léxico;describir;beschreiben;Verb;;;
3 Mi léxico;el marido;Ehemann;Nomen;M.;SG;
3 Mi léxico;optimista;optimistisch;Adjektiv;;SG;
3 Mi léxico;antipático;unsymphatisch;Adjektiv;M.;SG;
3 Mi léxico;antipática;unsymphatisch;Adjektiv;F.;SG;
3 Mi léxico;las lentillas;Kontaktlinsen;Nomen;F.;PL;
3 Cultura;para;für;Präposition;;;
3 Cultura;la salud;Gesundheit;Nomen;F.;SG;
3 Cultura;la pareja;Partner/in;Nomen;F.;SG;
3 Cultura;el bienestar económico;wirtschaftlicher Wohlstand;Nomen;M.;SG;
3 Cultura;dar (doy);geben;Verb;;;
3 Cultura;la valoración;Bewertung;Nomen;F.;SG;
3 Cultura;media;Durchschnitts-, Mittel-;Adjektiv;;;
3 Cultura;algunos;einige;Adjektiv;M.;;
3 Cultura;algunas;einige;Adjektiv;F.;;
3 Cultura;as;einige;Pronomen;;;
3 Cultura;el aspecto;Aspekt;Nomen;M.;SG;
3 Cultura;la vida;Leben;Nomen;F.;SG;
3 Cultura;¿Podría…?;Könnten Sie …?;Phrase;;;
3 Cultura;la importancia;Bedeutung;Nomen;F.;SG;
3 Cultura;siguiente;folgend;Adjektiv;;SG;
3 Cultura;la escala;Skala;Nomen;F.;SG;
3 Cultura;nada;nichts, gar nicht;Pronomen;;;
3 Cultura;colocar;(ein)ordnen;Verb;;;
3 Cultura;total;insgesamt;Adjektiv;;;
3 Cultura;máximo;maximal, höchst;Adjektiv;M.;SG;
3 Cultura;máxima;maximal, höchst;Adjektiv;F.;SG;
3 Cultura;valorar;schätzen;Verb;;;
3 AB;feo;hässlich;Adjektiv;M.;SG;
3 AB;fea;hässlich;Adjektiv;F.;SG;
3 AB;el asunto;Betreff;Nomen;M.;SG;
3 AB;fantástico;fantastisch;Adjektiv;M.;SG;
3 AB;fantástica;fantastisch;Adjektiv;F.;SG;
3 AB;el aspecto físico;Aussehen;Nomen;M.;SG;
3 AB;el sueco;Schwede;Nomen;M.;SG;
3 AB;la sueca;Schwedin;Nomen;F.;SG;
3 AB;típico;typisch;Adjektiv;M.;SG;
3 AB;típica;typisch;Adjektiv;F.;SG;
3 AB;(la) Ingenieria Industrial;Bauingenieurwesen;Nomen;F.;SG;
3 AB;pronto;bald;AdVerb;;;
3 AB;el abrazo;Umarmung (auch: Abschiedsformel in einem persönlichen Brief);Nomen;M.;SG;
3 AB;negativo;negativ;Adjektiv;M.;SG;
3 AB;negativa;negativ;Adjektiv;F.;SG;
3 AB;positivo;positiv;Adjektiv;M.;SG;
3 AB;positiva;positiv;Adjektiv;F.;SG;
3 AB;nervioso;nervös, unruhig;Adjektiv;M.;SG;
3 AB;nerviosa;nervöse, unruhige;Adjektiv;F.;SG;
3 AB;pesimista;pessimistisch;Adjektiv;;SG;
3 AB;introvertido;introvertiert;Adjektiv;M.;SG;
3 AB;introvertida;introvertiert;Adjektiv;F.;SG;
3 AB;trabajador;fleißig;Adjektiv;M.;SG;
3 AB;trabajadora;fleißig;Adjektiv;F.;SG;
3 AB;todo el mundo;die ganze Welt, alle;Phrase;;;
3 AB;todo;jeder, ganz;Pronomen;M.;SG;
3 AB;toda;jeder, ganz;Pronomen;F.;SG;
3 AB;poco;wenig;Adjektiv;M.;SG;
3 AB;poca;wenig;Adjektiv;F.;SG;
3 AB;diferente;anders, verschieden;Adjektiv;;SG;
3 AB;(la) Economía;Wirtschaft(swissenschaft);Nomen;F.;SG;
3 AB;la moto;Motorrad;Nomen;F.;SG;
3 AB;italiano;italienisch;Adjektiv;M.;SG;
3 AB;italiana;italienisch;Adjektiv;F.;SG;
3 AB;las matemáticas;Mathematik;Nomen;F.;PL;
3 AB;la cuenta;Rechnung;Nomen;F.;SG;
3 AB;falso;falsch;Adjektiv;M.;SG;
3 AB;falsa;falsch;Adjektiv;F.;SG;
3 AB;el árbol de familia;Familienstammbaum;Nomen;M.;SG;
3 AB;el cuñado;Schwager;Nomen;M.;SG;
3 AB;la cuñada;Schwägerin;Nomen;F.;SG;
3 AB;el nieto;Enkel;Nomen;M.;SG;
3 AB;la nieta;Enkelin;Nomen;F.;SG;
3 AB;la consulta;Praxis;Nomen;F.;SG;
3 AB;el juzgado;Gericht;Nomen;M.;SG;
3 AB;el laboratorio;Labor;Nomen;M.;SG;
3 AB;el semestre;Semester;Nomen;M.;SG;
3 AB;¡Mira!;Schau (mal)!;Phrase;;;
3 AB;la biblioteca;Bibliothek;Nomen;F.;SG;
3 AB;municipal;Stadt-, städtisch;Adjektiv;;;
3 AB;único;einzig, Einzel;Adjektiv;M.;SG;
3 AB;única;einzig, Einzel;Adjektiv;F.;SG;
3 AB;el venezolano;Venezolaner;Nomen;M.;SG;
3 AB;la venezolana;Venezolanerin;Nomen;F.;SG;
3 AB;el traductor;Übersetzer;Nomen;M.;SG;
3 AB;la traductora;Übersetzerin;Nomen;F.;SG;
3 AB;el ingeniero;Ingenieur;Nomen;M.;SG;
3 AB;la ingeniera;Ingenieurin;Nomen;F.;SG;
4;limpiar;putzen, säubern;Verb;;;
4;el yoga;Yoga;Nomen;M.;SG;
4;la excursión;Ausflug;Nomen;F.;SG;
4;nadar;schwimmen;Verb;;;
4;la piscina;Schwimmbad;Nomen;F.;SG;
4;visitar;besichtigen, besuchen;Verb;;;
4;el museo;Museum;Nomen;M.;SG;
4;quedarse;bleiben;Verb;;;
4;todo el día;den ganzen Tag;Phrase;;;
4;el tiempo;Zeit;Nomen;M.;SG;
4 A;diario;täglich;Adjektiv;M.;SG;
4 A;diaria;täglich;Adjektiv;F.;SG;
4 A;normal;normal;Adjektiv;;;
4 A;el estudiante de postgrado;Masterstudent;Nomen;M.;SG;
4 A;la estudiante de postgrado;Masterstudentin;Nomen;F.;SG;
4 A;distinto;unterschiedlich, verschieden;Adjektiv;M.;SG;
4 A;distinta;unterschiedlich, verschieden;Adjektiv;F.;SG;
4 A;menos;weniger;Adverb;;;
4 A;relajado;entspannt;Adjektiv;M.;SG;
4 A;relajada;entspannt;Adjektiv;F.;SG;
4 A;lindo;schön;Adjektiv;M.;SG;LA
4 A;linda;schön;Adjektiv;F.;SG;LA
4 A;el mexicano;Mexikaner;Nomen;M.;SG;
4 A;la mexicana;Mexikanerin;Nomen;F.;SG;
4 A;transcurrir;vergehen;Verb;;;
4 A;entre semana;unter der Woche;Phrase;;;
4 A;por la mañana;morgens;Phrase;;;
4 A;la jornada;Tag, Arbeitstag;Nomen;F.;SG;
4 A;empezar;beginnen;Verb;;;
4 A;pronto;früh;Adverb;;;
4 A;levantarse;aufstehen;Verb;;;
4 A;a las 6 de la mañana;um 6 Uhr morgens;Phrase;;;
4 A;ducharse;duschen;Verb;;;
4 A;vestirse;anziehen;Verb;;;
4 A;rápidamente;schnell;Adverb;;;
4 A;rápido;schnell;Adjektiv;M.;SG;
4 A;rápida;schnell;Adjektiv;F.;SG;
4 A;salir;hinausgehen, ausgehen;Verb;;;
4 A;a las 6 y media;um halb 7;Phrase;;;
4 A;medio;halb;Adjektiv;M.;SG;
4 A;media;halb;Adjektiv;F.;SG;
4 A;a pie;zu Fuß;Phrase;;;
4 A;el horario;Zeiten;Nomen;M.;SG;
4 A;la comida;Essen, Mahlzeit;Nomen;F.;SG;
4 A;antes de;bevor, vor;Phrase;;;
4 A;tomar;nehmen;Verb;;;
4 A;tomar;zu sich nehmen;Verb;;;
4 A;desayunar;frühstücken;Verb;;;
4 A;la cafetería;Cafeteria;Nomen;F.;SG;
4 A;el desayuno;Frühstück;Nomen;M.;SG;
4 A;consistir (en);bestehen aus;Verb;;;
4 A;el jugo de fruta;Fruchtsaft;Nomen;M.;SG;LA
4 A;el jugo;Saft;Nomen;M.;SG;LA
4 A;la fruta;Frucht;Nomen;F.;SG;
4 A;comer;essen;Verb;;;
4 A;los churros;frittiertes Spritzgebäck;Nomen;M.;PL;
4 A;el pan;Brot;Nomen;M.;SG;
4 A;dulce;süß;Adjektiv;M./F.;SG;
4 A;la tortilla de maíz;Maistortilla;Nomen;F.;SG;
4 A;el queso;Käse;Nomen;M.;SG;
4 A;a eso de;so ungefähr um;Phrase;;;
4 A;almorzar (o -> ue);zu Mittag essen;Verb;;;
4 A;el comedor universitario;Mensa;Nomen;M.;SG;
4 A;volver (o -> ue);zurückkehren;Verb;;;
4 A;gustar;gefallen;Verb;;;
4 A;por la tarde;nachmittags, am Nachmittag;Phrase;;;
4 A;mucho;sehr;Adverb;;;
4 A;allí;dort;Adverb;;;
4 A;hasta;bis;Konjunktion;;;
4 A;después;danach;Adverb;;;
4 A;por la noche;abends, nachts;Phrase;;;
4 A;cenar;zu Abend essen;Verb;;;
4 A;conectarse;sich verbinden;Verb;;;
4 A;casi;fast, beinahe;Adverb;;;
4 A;acostarse;ins Bett gehen;Verb;;;
4 A;llevar una vida;ein Leben führen;Phrase;;;
4 A;activo;aktiv;Adjektiv;M.;SG;
4 A;activa;aktiv;Adjektiv;F.;SG;
4 A;eso sí;das schon;Phrase;;;
4 A;dormir;schlafen;Verb;;;
4 A;a/al mediodía;mittags;Phrase;;;
4 A;bueno;gut;Adjektiv;M.;SG;
4 A;buena;gut;Adjektiv;F.;SG;
4 A;primero;als erstes;Adverb;;;
4 A;luego;dann, später;Adverb;;;
4 A;al final;am Ende;Phrase;;;
4 A;el estudio;Lern-;Nomen;M.;SG;
4 B;mi;mein;Pronomen;;;
4 B;¿A qué hora?;Um wie viel Uhr?;Phrase;;;
4 B;la hora;Uhrzeit;Nomen;F.;SG;
4 B;perdona;entschuldige;Phrase;;;
4 B;¿Qué hora es?;Wie viel Uhr ist es?;Phrase;;;
4 B;¿Tiene hora?;Wissen Sie, wie viel Uhr es ist?;Phrase;;;
4 B;abrir;öffnen;Verb;;;
4 B;saber (sé);wissen;Verb;;;
4 B;cerrar;schließen;Verb;;;
4 B;Es la una.;Es ist ein Uhr.;Phrase;;;
4 B;Son las dos (en punto).;Es ist (genau) zwei Uhr.;Phrase;;;
4 B;interesante;interessant;Adjektiv;;;
4 B;estresante;stressig;Adjektiv;;;
4 B;monótono;monoton;Adjektiv;M.;;
4 B;monótona;monoton;Adjektiv;F.;;
4 B;los deberes;Hausaufgaben;Nomen;PL.;;
4 B;las tareas del hogar;Hausarbeit;Nomen;F.;PL;
4 B;¿Hasta qué hora?;Bis wie viel Uhr?;Phrase;;;
4 B;la madrugada;Tagesanbruch, Morgendämmerung;Nomen;F.;SG;
4 B;el mediodía;Mittag;Nomen;M.;SG;
4 B;la medianoche;Mitternacht;Nomen;F.;SG;
4 B;¿Cuántas veces?;Wie oft?;Phrase;;;
4 B;el lunes;Montag;Nomen;M.;SG;
4 B;el martes;Dienstag;Nomen;M.;SG;
4 B;el miércoles;Mittwoch;Nomen;M.;SG;
4 B;el jueves;Donnerstag;Nomen;M.;SG;
4 B;el viernes;Freitag;Nomen;M.;SG;
4 B;el sábado;Samstag;Nomen;M.;SG;
4 B;el domingo;Sonntag;Nomen;M.;SG;
4 B;el gimnasio;Fitnessstudio;Nomen;M.;SG;
4 B;la exposición;Ausstellung;Nomen;F.;SG;
4 B;la tarde;Nachmittag;Nomen;F.;SG;
4 B;el grupo;Gruppe;Nomen;M.;SG;
4 B;el tenis;Tennis;Nomen;M.;SG;
4 B;la vez;Mal;Nomen;F.;SG;
4 B;a menudo;oft;Phrase;;;
4 B;el mes;Monat;Nomen;M.;SG;
4 B;todos los días;jeden Tag;Phrase;;;
4 B;cada;alle, jeder;Pronomen;;;
4 B;nunca;nie;Adverb;;;
4 B;¿Con qué frecuencia?;Wie oft?;Phrase;;;
4 B;la frecuencia;Häufigkeit;Nomen;F.;SG;
4 B;¡Atención!;Achtung!;Interjektion;;;
4 C;preferir;vorziehen, lieber mögen;Verb;;;
4 C;llevarse;mitbringen;Verb;;;
4 C;el clima;Klima;Nomen;M.;SG;
4 C;influir;beeinflussen;Verb;;;
4 C;regional;regional;Adjektiv;;;
4 C;el norte;Norden;Nomen;M.;SG;
4 C;la sopa;Suppe;Nomen;F.;SG;
4 C;la mayoría;Mehrheit;Nomen;F.;SG;
4 C;el trabajador;Arbeiter;Nomen;M.;SG;
4 C;la trabajadora;Arbeiterin;Nomen;F.;SG;
4 C;el menú del día;Tagesmenü;Nomen;M.;SG;
4 C;según;laut, nach;Konjunktion;;;
4 C;el estudio;Studie;Nomen;M.;SG;
4 C;reciente;neu, jüngst;Adjektiv;;;
4 C;la cantina;Kantine;Nomen;F.;SG;
4 C;suficiente;genug;Adjektiv;;;
4 C;la cifra;Ziffer;Nomen;F.;SG;
4 C;variar;wechseln, variieren;Verb;;;
4 C;el tamaño;Größe;Nomen;M.;SG;
4 C;grande;groß;Adjektiv;;;
4 C;fuera;außerhalb, draußen;Adverb;;;
4 C;el coste;Kosten, Preis;Nomen;M.;SG;
4 C;por persona;pro Person;Phrase;;;
4 C;entre;zwischen;Konjunktion;;;
4 C;optar por;wählen, sich entscheiden;Verb;;;
4 C;mayoritariamente;überwiegend;Adverb;;;
4 C;la tartera;Tupperdose®, Frischhaltebox;Nomen;F.;SG;
4 C;elegir;auswählen;Verb;;;
4 C;a partir de;ab;Konjunktion;;;
4 C;hay;es gibt;Verb;;;
4 C;el equilibrio;Gleichgewicht;Nomen;M.;SG;
4 C;ambos;beide;Pronomen;;;
4 C;ambas;beide;Pronomen;;;
4 C;la elección;Wahl;Nomen;F.;SG;
4 C;el plato;Gericht;Nomen;M.;SG;
4 C;depender de;abhängig sein von;Verb;;;
4 C;la región;Region, Gebiet;Nomen;F.;SG;
4 C;la cuchara;Löffel;Nomen;F.;SG;
4 C;la zona;Zone;Nomen;F.;SG;
4 C;templado;mild;Adjektiv;M.;SG;
4 C;templada;mild;Adjektiv;F.;SG;
4 C;la verdura;Gemüse;Nomen;F.;SG;
4 C;en general;im Allgemeinen;Phrase;;;
4 C;la carne;Fleisch;Nomen;F.;SG;
4 C;aunque;obwohl;Konjunktion;;;
4 C;aumentar;zunehmen, steigen;Verb;;;
4 C;el porcentaje;Prozentsatz, Anteil;Nomen;M.;SG;
4 C;el pescado;Fisch;Nomen;M.;SG;
4 C;respecto a;bezüglich, hinsichtlich;Phrase;;;
4 C;acompañar;begleiten;Verb;;;
4 C;el encuestado;Befragter;Nomen;M.;SG;
4 C;la encuestada;Befragte;Nomen;F.;SG;
4 C;el agua;Wasser;Nomen;F.;SG;
4 C;la bebida alcohólica;alkoholisches Getränk;Nomen;F.;SG;
4 C;pedir (e -> i);bestellen;Verb;;;
4 C;el vino;Wein;Nomen;M.;SG;
4 C;la barra;Bar (Tresen);Nomen;F.;SG;
4 C;el zumo;Saft;Nomen;M.;SG;
4 C;la naranja;Orange;Nomen;F.;SG;
4 C;el pincho;spanisches Häppchen;Nomen;M.;SG;
4 C;la tortilla;in Spanien: Kartoffelomelette;Nomen;F.;SG;
4 C;la tostada;Toast;Nomen;F.;SG;
4 C;la mantequilla;Butter;Nomen;F.;SG;
4 C;la mermelada;Marmelade;Nomen;F.;SG;
4 C;el bocadillo;belegtes Weißbrot;Nomen;M.;SG;
4 C;el jamón;Schinken;Nomen;M.;SG;
4 C;la ración;Portion;Nomen;F.;SG;
4 C;la botella;Flasche;Nomen;F.;SG;
4 C;la leche;Milch;Nomen;F.;SG;
4 C;la ensalada;Salat;Nomen;F.;SG;
4 C;los calamares;Tintenfischringe;Nomen;M.;PL;
4 C;la paella;spanisches Gericht mit Reis und Meeresfrüchten;Nomen;F.;SG;
4 C;las patatas bravas;spanisches Gericht aus Kartoffeln und scharfer Soße;Nomen;F.;PL;
4 C;al alioli;mit Knoblauchölsoße;Phrase;;;
4 C;el vaso;Glas;Nomen;M.;SG;
4 C;la lata;Dose;Nomen;F.;SG;
4 C;ahora mismo;jetzt gleich;Phrase;;;
4 C;enseguida;sofort;AdVerb;;;
4 C;oiga;Hallo, hören Sie (mal);Phrase;;;
4 C;poner;hier: bringen;Verb;;;
4 C;el agua mineral con gas;Mineralwasser;Nomen;F.;SG;
4 C;desear;wünschen;Verb;;;
4 C;a base de;auf …-basis;Phrase;;;
4 C;el vegetariano;Vegetarier;Nomen;M.;SG;
4 C;la vegetariana;Vegetarierin;Nomen;F.;SG;
4 C;la pasta;Nudeln, Pasta;Nomen;F.;SG;
4 C;el dulce;Süßigkeit;Nomen;M.;SG;
4 C;los cereales;Müsli;Nomen;M.;PL;
4 C;los lácteos;Milchprodukte;Nomen;M.;PL;
4 C;el té;Tee;Nomen;M.;SG;
4 C;el arroz;Reis;Nomen;M.;SG;
4 Proyecto;la rutina diaria;Alltag;Nomen;F.;SG;
4 Proyecto;frecuente;häufig;Adjektiv;;SG;
4 Proyecto;los hábitos alimenticios;Essgewohnheiten;Nomen;M.;PL;
4 Mi gramática;la bicicleta;Fahrrad;Nomen;F.;SG;
4 Mi gramática;¡Qué pena!;Schade!;Phrase;;;
4 Mi gramática;la pasantía;Praktikum;Nomen;F.;SG;
4 Mi gramática;tarde;spät;Adjektiv;;SG;
4 Mi gramática;el examen;Prüfung;Nomen;M.;SG;
4 Mi léxico;jugar;spielen (Sport);Verb;;SG;
4 Mi léxico;el refresco;Erfrischungsgetränk;Nomen;M.;SG;
4 Mi léxico;el tomate;Tomate;Nomen;M.;SG;
4 Mi léxico;el pollo;Hähnchen;Nomen;M.;SG;
4 Mi léxico;la manzana;Apfel;Nomen;F.;SG;
4 Mi léxico;la piña;Ananas;Nomen;F.;SG;
4 Mi léxico;merendar;einen Snack zu sich nehmen;Verb;;SG;
4 Mi léxico;la merienda;kleiner Snack;Nomen;F.;SG;
4 Cultura;la jornada laboral;Arbeitszeit;Nomen;F.;SG;
4 Cultura;ofrecer;anbieten;Verb;;SG;
4 Cultura;adecuado;geeignet, passend;Adjektiv;M.;SG;
4 Cultura;adecuada;geeignet, passend;Adjektiv;F.;SG;
4 Cultura;los años 40;Vierzigerjahre;Nomen;M.;PL;
4 Cultura;la siesta;Siesta;Nomen;F.;SG;
4 Cultura;demasiado;zu;Adjektiv;;SG;
4 Cultura;hay que;man muss;Phrase;;;
4 Cultura;cambiar el chip;umdenken;Phrase;;;
4 Cultura;cambiar;(ver)ändern, tauschen, wechseln;Verb;;SG;
4 Cultura;el chip;Chip;Nomen;M.;SG;
4 Cultura;deber;müssen;Verb;;SG;
4 Cultura;abandonar;aufgeben, verlassen;Verb;;SG;
4 Cultura;mucho;viel;Adjektiv;;SG;
4 Cultura;el oeste;Westen;Nomen;M.;SG;
4 Cultura;adoptar;annehmen;Verb;;SG;
4 Cultura;Canarias;Kanarische Inseln;Nomen;F.;PL;
4 Cultura;Irlanda;Irland;Nomen;N.;SG;
4 Cultura;entre otros;unter anderem;Phrase;;;
4 Cultura;laboral;Arbeits-;Adjektiv;;;
4 Cultura;descanso;Pause, Erholung;Nomen;M.;SG;
4 Cultura;es de locos;es ist verrückt;Phrase;;;
4 Cultura;el loco;Verrückter;Nomen;M.;SG;
4 Cultura;la loca;Verrückte;Nomen;F.;SG;
4 Cultura;la consecuencia;Konsequenz, Folge;Nomen;F.;SG;
4 Cultura;eterno;ewig;Adjektiv;M.;SG;
4 Cultura;eterna;ewige;Adjektiv;F.;SG;
4 Cultura;desestructurado;unstrukturiert;Adjektiv;M.;SG;
4 Cultura;desestructurada;unstrukturierte;Adjektiv;F.;SG;
4 Cultura;proponer;vorschlagen;Verb;;;
4 Cultura;regular;regulieren, regeln;Verb;;;
4 Cultura;comercial;Geschäfts-, kommerziell;Adjektiv;;;
4 Cultura;profesional;beruflich, professionell;Adjektiv;;;
4 Cultura;educativo;Bildungs-;Adjektiv;M.;SG;
4 Cultura;educativa;Erziehungsel;Adjektiv;F.;SG;
4 Cultura;ocio;Freizeit, Nichtstun;Nomen;M.;SG;
4 Cultura;nocturno;Nacht-;Adjektiv;M.;SG;
4 Cultura;nocturna;Nachtavanzar;Adjektiv;F.;SG;
4 Cultura;vorverlegen;vorverlegen;Verb;;;
4 Cultura;la programación;Programm;Nomen;F.;SG;
4 Cultura;la tele;Fernseher;Nomen;F.;SG;
4 Cultura;adecuar;anpassen;Verb;;;
4 Cultura;el europeo;Europäer;Nomen;M.;SG;
4 Cultura;la europea;Europäerin;Nomen;F.;SG;
4 Cultura;por supuesto;selbstverständlich;Phrase;;;
4 Cultura;el cambio;(Ver)änderung;Nomen;M.;SG;
4 Cultura;es decir;das heißt;Phrase;;;
4 Cultura;franquista;franquistisch, der Franco-Zeit;Adjektiv;;;
4 Cultura;la simpatía;Symphatie;Nomen;F.;SG;
4 Cultura;el nacionalsocialismo;Nationalsozialismus;Nomen;M.;SG;
4 Cultura;el pluriempleo;Mehrfachbeschäftigung;Nomen;M.;SG;
4 Cultura;la Guerra Civil;Bürgerkrieg (in Spanien von 1936–1939);Nomen;F.;SG;
4 Cultura;la guerra;Krieg;Nomen;F.;SG;
4 Cultura;utópico;utopisch;Adjektiv;M.;SG;
4 Cultura;utópica;utopische;Adjektiv;F.;SG;
4 Cultura;acercar;annähern, heranbringen;Verb;;;
4 Cultura;latino;Latinoel;Adjektiv;M.;SG;
4 Cultura;latina;Latinoel;Adjektiv;F.;SG;
4 Cultura;parámetro;Parameter;Nomen;M.;SG;
4 Cultura;el griego;Grieche;Nomen;M.;SG;
4 Cultura;la griega;Griechin;Nomen;F.;SG;
4 Cultura;el portugués;Portugiese;Nomen;M.;SG;
4 Cultura;la portuguesa;Portugiesin;Nomen;F.;SG;
4 Cultura;Nápoles;Neapel;Nomen;N.;SG;
4 Cultura;Sicilia;Sizilien;Nomen;N.;SG;
4 Cultura;tan;so;Adverb;;;
4 Cultura;mediterráneo;mediterran, Mittelmeer-;Adjektiv;M.;SG;
4 Cultura;mediterránea;mediterran, Mittelmeer-;Adjektiv;F.;SG;
4 Cultura;tanto;so viel;Adverb;;;
4 Cultura;el sol;Sonne;Nomen;M.;SG;
4 Cultura;la excusa;Entschuldigung;Nomen;F.;SG;
4 Cultura;absurdo;absurd;Adjektiv;M.;SG;
4 Cultura;absurda;absurde;Adjektiv;F.;SG;
4 Cultura;el comercio;Handel, Gewerbe;Nomen;M.;SG;
4 Cultura;el local;Club;Nomen;M.;SG;
4 AB;normalmente;normalerweise;AdVerb;;;
4 AB;delicioso;köstlich, wunderbar;Adjektiv;M.;SG;
4 AB;deliciosa;köstliche, wunderbare;Adjektiv;F.;SG;
4 AB;relajarse;sich entspannen;Verb;;;
4 AB;pedir;bitten um;Verb;;;
4 AB;pensar;denken;Verb;;;
4 AB;mismo;gleich;Adjektiv;M.;SG;
4 AB;misma;gleiche;Adjektiv;F.;SG;
4 AB;entrenar;trainieren;Verb;;;
4 AB;el equipo;Team;Nomen;M.;SG;
4 AB;el partido;Spiel;Nomen;M.;SG;
4 AB;la letra;Buchstabe;Nomen;F.;SG;
4 AB;el horario;Öffnungszeiten;Nomen;M.;SG;
4 AB;la secretaría;Sekretariat;Nomen;F.;SG;
4 AB;la pausa;Pause;Nomen;F.;SG;
4 AB;alrededor de;um ... herum;Präposition;;;
4 AB;despertarse;aufwachen;Verb;;;
4 AB;temprano;früh;AdVerb;;;
4 AB;generalmente;im Allgemeinen, normalerweise;AdVerb;;;
4 AB;incluso;sogar;AdVerb;;;
4 AB;especificar;spezifizieren;Verb;;;
4 AB;el momento;Moment;Nomen;M.;SG;
4 AB;exacto;exakt, genau;Adjektiv;M.;SG;
4 AB;exacta;exakte, genaue;Adjektiv;F.;SG;
4 AB;la suerte;Glück;Nomen;F.;SG;
4 AB;puntual;pünktlich;Adjektiv;;;
4 AB;la compra;Einkauf;Nomen;F.;SG;
4 AB;las noticias;Nachrichten;Nomen;F.;PL;
4 AB;la prensa;Presse;Nomen;F.;SG;
4 AB;digital;digital;Adjektiv;;;
4 AB;llegar;ankommen;Verb;;;
4 AB;la discoteca;Diskothek;Nomen;F.;SG;
4 AB;ideal;ideal;Adjektiv;;;
4 AB;la jarra;Krug;Nomen;F.;SG;
4 AB;el cruasán;Croissant;Nomen;M.;SG;
4 AB;el crep;Crêpe;Nomen;M.;SG;
4 AB;el intruso;Eindringling, Störenfried;Nomen;M.;SG;
4 AB;el cava;spanischer Sekt;Nomen;M.;SG;
4 AB;el atún;Thunfisch;Nomen;M.;SG;
4 AB;frío;kalt;Adjektiv;M.;SG;
4 AB;fría;kalte;Adjektiv;F.;SG;
5;¿A qué país quieres viajar?;In welches Land möchtest du reisen?;Phrase;;;
5;relacionar;in Zusammenhang bringen, zuordnen;Verb;;;
5;el texto;Text;Nomen;M.;SG;
5;la catarata;Wasserfall;Nomen;F.;SG;
5;mayor;größter;Adjektiv;;;
5;el espectáculo;Schauspiel, Spektakel;Nomen;M.;SG;
5;la selva;Urwald;Nomen;F.;SG;
5;el lago;See;Nomen;M.;SG;
5;el paseo;Spaziergang, Spazierfahrt;Nomen;M.;SG;
5;navegable;schiffbar;Adjektiv;;;
5;alto;hoch;Adjektiv;M.;;
5;alta;hohe;Adjektiv;F.;;
5;aislado;abgeschieden, isoliert;Adjektiv;M.;;
5;aislada;abgeschiedene, isolierte;Adjektiv;F.;;
5;misterioso;geheimnisvoll, mysteriös;Adjektiv;M.;;
5;misteriosa;geheimnisvolle, mysteriöse;Adjektiv;F.;;
5;comparar;vergleichen;Verb;;;
5;la maravilla;Wunder;Nomen;F.;SG;
5;la cumbre;Gipfel;Nomen;F.;SG;
5;terrestre;Erd-;Adjektiv;;;
5;cercano;nah;Adjektiv;M.;;
5;cercana;nahe;Adjektiv;F.;;
5;el parque natural;Naturschutzpark;Nomen;M.;SG;
5;el parque;Park;Nomen;M.;SG;
5;salvaje;wild;Adjektiv;;;
5;el resto;Rest;Nomen;M.;SG;
5;arqueológico;archäologisch;Adjektiv;M.;;
5;arqueológica;archäologische;Adjektiv;F.;;
5 A;el viaje;Reise;Nomen;M.;SG;
5 A;el plan;Plan;Nomen;M.;SG;
5 A;anotar;notieren;Verb;;;
5 A;el destino;(Reise)ziel;Nomen;M.;SG;
5 A;la flora;Flora, Pflanzenwelt;Nomen;F.;SG;
5 A;la cordillera;Gebirgskette;Nomen;F.;SG;
5 A;andino;Anden-;Adjektiv;M.;;
5 A;andina;Anden-;Adjektiv;F.;;
5 A;la belleza;Schönheit;Nomen;F.;SG;
5 A;natural;Natur-, natürlich;Adjektiv;;;
5 A;investigar;untersuchen, erforschen;Verb;;;
5 A;el calentamiento;Erwärmung;Nomen;M.;SG;
5 A;el planeta;Planet;Nomen;M.;SG;
5 A;interesar;interessieren;Verb;;;
5 A;el pueblo;Volk;Nomen;M.;SG;
5 A;maya;Maya;Nomen;;;
5 A;antiguo;alt;Adjektiv;M.;SG;
5 A;antigua;alte;Adjektiv;F.;SG;
5 A;especialmente;besonders, speziell;Adverb;;;
5 A;precolombino;präkolumbisch;Adjektiv;M.;SG;
5 A;precolombina;präkolumbische;Adjektiv;F.;SG;
5 A;venir;kommen;Verb;;;
5 A;escalar;bergsteigen, klettern;Verb;;;
5 A;los Andes;Anden;Nomen;M.;PL;
5 A;el tipo;Art;Nomen;M.;SG;
5 A;la ecología;Ökologie;Nomen;F.;SG;
5 A;al aire libre;im Freien;Phrase;;;
5 A;el aire;Luft;Nomen;M.;SG;
5 A;libre;frei;Adjektiv;M.;SG;
5 A;la aventura;Abenteuer;Nomen;F.;SG;
5 A;el lejano oriente;Ferner Osten;Nomen;M.;SG;
5 A;lejano;fern;Adjektiv;M.;SG;
5 A;lejana;ferne;Adjektiv;F.;SG;
5 A;descubrir;entdecken;Verb;;;
5 A;voluntario;freiwillig;Adjektiv;M.;SG;
5 A;voluntaria;freiwillige;Adjektiv;F.;SG;
5 A;Tailandia;Thailand;Nomen;F.;SG;
5 A;Indonesia;Indonesien;Nomen;F.;SG;
5 A;descansar;sich ausruhen;Verb;;;
5 A;cultural;kulturell, Kulturtomar;Adjektiv;M.;SG;
5 A;el sol;sich sonnen;Nomen;M.;SG;
5 A;el gusto;Vorliebe, Geschmack;Nomen;M.;SG;
5 A;el interés;Interesse;Nomen;M.;SG;
5 A;me;mir;Pronomen;;;
5 A;te;dir;Pronomen;;;
5 A;le;ihm/ihr;Pronomen;;;
5 A;nos;uns;Pronomen;;;
5 A;les;ihnen;Pronomen;;;
5 A;ni… ni...;weder… noch;Konjunktion;;;
5 A;la situación;Situation;Nomen;F.;SG;
5 A;marcar;markieren, kennzeichnen;Verb;;;
5 A;la preferencia;Vorliebe;Nomen;F.;SG;
5 A;la montaña;Berg;Nomen;F.;SG;
5 A;el campo;Land, Feld;Nomen;M.;SG;
5 A;el camping;Campinglatz;Nomen;M.;SG;
5 A;el hostal;Hostel;Nomen;M.;SG;
5 A;el apartamento;Wohnung, Appartment;Nomen;M.;SG;
5 A;alojarse;unterkommen;Verb;;;
5 B;el concurso;Wettbewerb;Nomen;M.;SG;
5 B;América Latina;Lateinamerika;Nomen;F.;SG;
5 B;el cerro;Hügel;Nomen;M.;SG;
5 B;el camino;Weg;Nomen;M.;SG;
5 B;inca;Inkael;Nomen;M.;SG;
5 B;Amazonas;Amazonas;Nomen;M.;SG;
5 B;el pico;Gipfel;Nomen;M.;SG;
5 B;seco;trocken;Adjektiv;M.;SG;
5 B;seca;trocken;Adjektiv;F.;SG;
5 B;el sendero;Pfad, Weg;Nomen;M.;SG;
5 B;el glaciar;Gletscher;Nomen;M.;SG;
5 B;la Patagonia;Patagonien;Nomen;F.;SG;
5 B;el río;Fluss;Nomen;M.;SG;
5 B;fascinante;faszinierend;Adjektiv;;SG;
5 B;enviar;schicken, senden;Verb;;;
5 B;ganar;gewinnen;Verb;;;
5 B;el billete;Ticket;Nomen;M.;SG;
5 B;el avión;Flugzeug;Nomen;M.;SG;
5 B;esperar;erwarten;Verb;;;
5 B;el Rin;Rhein;Nomen;M.;SG;
5 B;espectacular;sensationell, spektakulär;Adjektiv;;SG;
5 B;hermoso;wunderschön;Adjektiv;M.;SG;
5 B;hermosa;wunderschön;Adjektiv;F.;SG;
5 B;la primavera;Frühling;Nomen;F.;SG;
5 B;el verano;Sommer;Nomen;M.;SG;
5 B;el otoño;Herbst;Nomen;M.;SG;
5 B;el invierno;Winter;Nomen;M.;SG;
5 B;¿Qué tiempo hace?;Wie ist das Wetter?;Phrase;;;
5 B;Hace calor.;Es ist heiß.;Phrase;;;
5 B;el calor;Hitze, Wärme;Nomen;M.;SG;
5 B;Hace frío.;Es ist kalt.;Phrase;;;
5 B;el frío;Kälte;Nomen;M.;SG;
5 B;Hace sol.;Es ist sonnig.;Phrase;;;
5 B;Hace viento.;Es ist windig.;Phrase;;;
5 B;el viento;Wind;Nomen;M.;SG;
5 B;Hace buen tiempo.;Es ist gutes Wetter.;Phrase;;;
5 B;el tiempo;Wetter;Nomen;M.;SG;
5 B;Hace mal tiempo.;Es ist schlechtes Wetter.;Phrase;;;
5 B;Llueve.;Es regnet.;Phrase;;;
5 B;Nieva.;Es schneit.;Phrase;;;
5 B;Hay niebla.;Es ist neblig.;Phrase;;;
5 B;la niebla;Nebel;Nomen;F.;SG;
5 B;Hay tormenta.;Es gibt ein Gewitter/Unwetter.;Phrase;;;
5 B;la tormenta;Gewitter, Sturm;Nomen;F.;SG;
5 B;Está nublado.;Es ist bewölkt.;Phrase;;;
5 B;Está despejado.;Es ist heiter/wolkenlos.;Phrase;;;
5 B;el pronóstico meteorológico;Wetterbericht;Nomen;M.;SG;
5 B;chico;klein;Adjektiv;M.;SG;LA
5 B;chica;klein;Adjektiv;F.;SG;LA
5 B;central;Zentral-, zentral;Adjektiv;;SG;
5 B;el sur;Süden;Nomen;M.;SG;
5 B;austral;südlich;Adjektiv;;SG;
5 C;la situación;Lage;Nomen;F.;SG;
5 C;dividirse;aufteilen in;Verb;;;
5 C;geográfico;geographisch;Adjektiv;M.;SG;
5 C;geográfica;geographische;Adjektiv;F.;SG;
5 C;amazónico;Amazonas;Adjektiv;M.;SG;
5 C;amazónica;Amazonas;Adjektiv;F.;SG;
5 C;la sierra;Gebirgskette;Nomen;F.;SG;
5 C;la costa;Küste;Nomen;F.;SG;
5 C;el Pacífico;Pazifik;Nomen;M.;SG;
5 C;las Islas Galápagos;Galapagosinseln;Nomen;F.;PL;
5 C;situarse;sich befinden;Verb;;;
5 C;la Línea Equinoccial;Äquator;Nomen;F.;SG;
5 C;tropical;tropisch;Adjektiv;;;
5 C;húmedo;feucht;Adjektiv;M.;SG;
5 C;húmeda;feuchte;Adjektiv;F.;SG;
5 C;diciembre;Dezember;Nomen;M.;SG;
5 C;mayo;Mai;Nomen;M.;SG;
5 C;junio;Juni;Nomen;M.;SG;
5 C;la diferencia;Unterschied;Nomen;F.;SG;
5 C;la temperatura;Temperatur;Nomen;F.;SG;
5 C;por ejemplo;zum Beispiel;Phrase;;;
5 C;el ejemplo;Beispiel;Nomen;M.;SG;
5 C;oscilar;schwanken (Temperatur);Verb;;;
5 C;la altura;Höhe;Nomen;F.;SG;
5 C;aproximadamente;etwa, circa;AdVerb;;;
5 C;la población;Bevölkerung;Nomen;F.;SG;
5 C;el millón;Million;Nomen;M.;SG;
5 C;el ecuatoriano;Ecuadorianer;Nomen;M.;SG;
5 C;la ecuatoriana;Ecuadorianerin;Nomen;F.;SG;
5 C;último;letzter;Adjektiv;M.;SG;
5 C;última;letzte;Adjektiv;F.;SG;
5 C;el centro financiero;Finanzzentrum;Nomen;M.;SG;
5 C;la altitud;Höhe;Nomen;F.;SG;
5 C;segundo;zweiter;Adjektiv;M.;SG;
5 C;segunda;zweite;Adjektiv;F.;SG;
5 C;poseer;besitzen;Verb;;;
5 C;histórico;geschichtlich, historisch;Adjektiv;M.;SG;
5 C;histórica;geschichtlich, historisch;Adjektiv;F.;SG;
5 C;mejor conservado;am besten erhalten;Phrase;;;
5 C;formar parte;gehören zu;Phrase;;;
5 C;la lista;Liste;Nomen;F.;SG;
5 C;declarar;erklären;Verb;;;
5 C;el Patrimonio de la Humanidad de la UNESCO;UNESCO-Weltkulturerbe;Nomen;M.;SG;
5 C;la biodiversidad;Artenvielfalt;Nomen;F.;SG;
5 C;la reserva ecológica;Naturschutzgebiet;Nomen;F.;SG;
5 C;el bosque;Wald;Nomen;M.;SG;
5 C;el apartado;Absatz;Nomen;M.;SG;
5 C;la época seca;Trockenzeit;Nomen;F.;SG;
5 C;la época;Epoche, Zeitraum;Nomen;F.;SG;
5 C;más de;mehr als;Phrase;;;
5 C;completar;ergänzen, vervollständigen;Verb;;;
5 C;la información;Information;Nomen;F.;SG;
5 C;principal;Haupt-;Adjektiv;;;
5 C;¿Dónde está Quito?;Wo liegt Quito?;Phrase;;;
5 C;en el norte;im Norden;Phrase;;;
5 C;en el sur;im Süden;Phrase;;;
5 C;en el este;im Osten;Phrase;;;
5 C;en el oeste;im Westen;Phrase;;;
5 C;algo;etwas;Pronomen;;;
5 C;el servicio;Service, Dienst;Nomen;M.;SG;
5 C;el intercambio;Austausch;Nomen;M.;SG;
5 C;académico;akademisch;Adjektiv;M.;SG;
5 C;académica;akademisch;Adjektiv;F.;SG;
5 C;cursar;belegen (Kurs), studieren;Verb;;;
5 C;solicitar;sich bewerben um;Verb;;;
5 C;el voluntariado;Freiwilligenarbeit;Nomen;M.;SG;
5 C;el periodo;Periode, Zeitraum;Nomen;M.;SG;
5 C;asistir;besuchen, teilnehmen an;Verb;;;
5 C;preparar;vorbereiten;Verb;;;
5 C;la moneda;Währung;Nomen;F.;SG;
5 C;el producto;Produkt;Nomen;M.;SG;
5 C;el habitante;Bewohner;Nomen;M.;SG;
5 C;la habitante;Bewohnerin;Nomen;F.;SG;
5 C;la ficha;Karteikarte;Nomen;F.;SG;
5 C;el Internet;Internet;Nomen;M.;SG;
5 C;la nota;Notiz;Nomen;F.;SG;
5 Proyecto;el anuncio;Anzeige;Nomen;M.;SG;
5 Proyecto;en torno a;um…herum;Phrase;;;
5 Proyecto;disfrutar de;genießen;Verb;;;
5 Proyecto;el encanto;Zauber, Reiz, Charme;Nomen;M.;SG;
5 Proyecto;apasionante;begeisternd, mitreißend;Adjektiv;;;
5 Proyecto;estar situado;liegen (Stadt, Land);Adjektiv;M.;SG;
5 Proyecto;estar situada;liegen (Stadt, Land);Adjektiv;F.;SG;
5 Proyecto;el distrito;Bezirk;Nomen;M.;SG;
5 Proyecto;hacer surf;surfen;Phrase;;;
5 Proyecto;simplemente;einfach, bloß;AdVerb;;;
5 Proyecto;el visitante;Besucher;Nomen;M.;SG;
5 Proyecto;la visitante;Besucherin;Nomen;F.;SG;
5 Proyecto;la atracción;Attraktion, Charme;Nomen;F.;SG;
5 Proyecto;el kayak;Kayak, Kayakfahren;Nomen;M.;SG;
5 Proyecto;el senderismo;Wandern;Nomen;M.;SG;
5 Proyecto;el parapente;Gleitschirmfliegen;Nomen;M.;SG;
5 Proyecto;la visita;Besuch;Nomen;F.;SG;
5 Proyecto;la cena;Abendessen;Nomen;F.;SG;
5 Proyecto;el ambiente;Umgebung;Nomen;M.;SG;
5 Proyecto;la proyección;Vorführung, Projektion;Nomen;F.;SG;
5 Proyecto;la película;Film;Nomen;F.;SG;
5 Proyecto;la enseñanza;Unterricht;Nomen;F.;SG;
5 Proyecto;el extranjero;Ausländer;Nomen;M.;SG;
5 Proyecto;la extranjera;Ausländerin;Nomen;F.;SG;
5 Proyecto;a través de;durch, über;Phrase;;;
5 Proyecto;de excelencia;schlechthin, überhaupt;Phrase;;;
5 Proyecto;la terma;Therme;Nomen;F.;SG;
5 Proyecto;la variedad;Vielfalt, Varietät;Nomen;F.;SG;
5 Proyecto;la alternativa;Alternative;Nomen;F.;SG;
5 Proyecto;la sesión;hier: Teil;Nomen;F.;SG;
5 Proyecto;el bloque;Block;Nomen;M.;SG;
5 Proyecto;la pausa;Pause;Nomen;F.;SG;
5 Proyecto;el vocabulario;Vokabular;Nomen;M.;SG;
5 Proyecto;practicaremos (Inf practicar);wir werden üben;Verb;;;
5 Mi gramática;la salsa;Salsa (Tanz);Nomen;F.;SG;
5 Mi gramática;la galería de arte;Kunstgalerie;Nomen;F.;SG;
5 Mi gramática;la combinación;Verbindung;Nomen;F.;SG;
5 Mi gramática;el elemento;Element;Nomen;M.;SG;
5 Mi gramática;la columna;Spalte;Nomen;F.;SG;
5 Mi gramática;formular;formulieren;Verb;;SG;
5 Mi gramática;hispanoamericano;lateinamerikanisch;Adjektiv;M.;SG;
5 Mi gramática;hispanoamericana;lateinamerikanisch;Adjektiv;F.;SG;
5 Mi gramática;quechua;Quechua;Nomen;;SG;
5 Mi gramática;el boliviano;Boliviano (Währung Boliviens);Nomen;M.;SG;
5 Mi gramática;el argentino;Argentinier;Nomen;M.;SG;
5 Mi gramática;la argentina;Argentinierin;Nomen;F.;SG;
5 Mi gramática;el peso;Währung in einigen südamerikanischen Ländern;Nomen;M.;SG;
5 Mi gramática;oficial;offiziell;Adjektiv;;SG;
5 Mi gramática;gallego;Galizisch;Nomen;;SG;
5 Mi gramática;euskera;Baskisch;Nomen;;SG;
5 Mi gramática;castellano;Kastilisch;Nomen;;SG;
5 Mi léxico;enero;Januar;Nomen;;SG;
5 Mi léxico;febrero;Februar;Nomen;;SG;
5 Mi léxico;marzo;März;Nomen;;SG;
5 Mi léxico;abril;April;Nomen;;SG;
5 Mi léxico;julio;Juli;Nomen;;SG;
5 Mi léxico;agosto;August;Nomen;;SG;
5 Mi léxico;octubre;Oktober;Nomen;;SG;
5 Mi léxico;noviembre;November;Nomen;;SG;
5 Mi léxico;el adjetivo;Adjektiv;Nomen;M.;SG;
5 Mi léxico;varios;mehrere;Adjektiv;M.;PL;
5 Mi léxico;varias;mehrere;Adjektiv;F.;PL;
5 Mi léxico;la posibilidad;Möglichkeit;Nomen;F.;SG;
5 Mi léxico;el valle;Tal;Nomen;M.;SG;
5 Mi léxico;financiero;Finanzinactivo;Adjektiv;M.;SG;
5 Mi léxico;financiera;Finanzinactiva;Adjektiv;F.;SG;
5 Mi léxico;inactivo;nicht aktiv;Adjektiv;M.;SG;
5 Mi léxico;inactiva;nicht aktiv;Adjektiv;F.;SG;
5 Cultura;verdadero;wahr;Adjektiv;M.;SG;
5 Cultura;verdadera;wahr;Adjektiv;F.;SG;
5 Cultura;falso;falsch;Adjektiv;M.;SG;
5 Cultura;falsa;falsch;Adjektiv;F.;SG;
5 Cultura;tercer;dritter;Adjektiv;M.;SG;
5 Cultura;tercero;drittes;Adjektiv;N.;SG;
5 Cultura;tercera;dritte;Adjektiv;F.;SG;
5 Cultura;la lengua nativa;Muttersprache;Nomen;F.;SG;
5 Cultura;el guaraní;offizielle Sprache in Paraguay;Nomen;M.;SG;
5 Cultura;indígena;eingeboren, einheimisch;Adjektiv;;;
5 Cultura;comprobar;überprüfen;Verb;;;
5 Cultura;vivo;lebendig, lebend;Adjektiv;M.;SG;
5 Cultura;viva;lebendig, lebend;Adjektiv;F.;SG;
5 Cultura;el crecimiento;Wachstum;Nomen;M.;SG;
5 Cultura;incluir;einschließen;Verb;;;
5 Cultura;aquel;diese(r,s) (dort);Pronomen;M.;SG;
5 Cultura;aquello;diese(r,s) (dort);Pronomen;N.;SG;
5 Cultura;aquella;diese(r,s) (dort);Pronomen;F.;SG;
5 Cultura;el hablante nativo;Muttersprachler;Nomen;M.;SG;
5 Cultura;la hablante nativa;Muttersprachlerin;Nomen;F.;SG;
5 Cultura;el mandarín;Mandarin;Nomen;M.;SG;
5 Cultura;la comunicación;Kommunikation;Nomen;F.;SG;
5 Cultura;internacional;international;Adjektiv;;;
5 Cultura;convivir;zusammenleben;Verb;;;
5 Cultura;el imperio;Imperium;Nomen;M.;SG;
5 Cultura;extenderse;sich ausbreiten, sich ausstrecken;Verb;;;
5 Cultura;extenso;weit;Adjektiv;M.;SG;
5 Cultura;extensa;weit;Adjektiv;F.;SG;
5 Cultura;la parte;Teil;Nomen;F.;SG;
5 Cultura;el estatus;Status;Nomen;M.;SG;
5 Cultura;junto;zusammen, gemeinsam;Adjektiv;M.;SG;
5 Cultura;junta;zusammen, gemeinsam;Adjektiv;F.;SG;
5 Cultura;el náhuatl;Nahuatl;Nomen;M.;SG;
5 Cultura;azteca;aztekisch;Adjektiv;;;
5 Cultura;la actualidad;Gegenwart;Nomen;F.;SG;
5 Cultura;se siguen hablando;es werden weiterhin gesprochen;Phrase;;;
5 Cultura;cooficial;kooffiziell;Adjektiv;;;
5 Cultura;el territorio;Gebiet;Nomen;M.;SG;
5 Cultura;románico;romanisch;Adjektiv;;;
5 Cultura;el origen;Ursprung, Herkunft;Nomen;M.;SG;
5 Cultura;el latín;Latein;Nomen;M.;SG;
5 Cultura;la certeza;Gewissheit;Nomen;F.;SG;
5 AB;la Costa de Marfil;Elfenbeinküste;Nomen;F.;SG;
5 AB;los Alpes;Alpen;Nomen;M.;PL;
5 AB;el Danubio;Donau;Nomen;M.;SG;
5 AB;el turista;Tourist;Nomen;M.;SG;
5 AB;la turista;Touristin;Nomen;F.;SG;
5 AB;el ejercicio;Übung;Nomen;M.;SG;
5 AB;acuático;Wasser-;Adjektiv;M.;SG;
5 AB;acuática;Wasser-;Adjektiv;F.;SG;
5 AB;turístico;Touristen-, touristisch;Adjektiv;M.;SG;
5 AB;turística;Touristen-, touristisch;Adjektiv;F.;SG;
5 AB;contemporáneo;zeitgenössisch;Adjektiv;M.;SG;
5 AB;contemporánea;zeitgenössisch;Adjektiv;F.;SG;
5 AB;el pronombre;Pronomen;Nomen;M.;SG;
5 AB;la reacción;Reaktion;Nomen;F.;SG;
5 AB;la lluvia;Regen;Nomen;F.;SG;
5 AB;la cascada;Wasserfall;Nomen;F.;SG;
5 AB;fabuloso;fabelhaft, großartig;Adjektiv;M.;SG;
5 AB;fabulosa;fabelhaft, großartig;Adjektiv;F.;SG;
5 AB;la nieve;Schnee;Nomen;F.;SG;
5 AB;perfecto;perfekt;Adjektiv;M.;SG;
5 AB;perfecta;perfekt;Adjektiv;F.;SG;
5 AB;maravilloso;wunderbar, herrlich;Adjektiv;M.;SG;
5 AB;maravillosa;wunderbar, herrlich;Adjektiv;F.;SG;
5 AB;caribeño;Karibik-, karibisch;Adjektiv;M.;SG;
5 AB;caribeña;Karibik-, karibisch;Adjektiv;F.;SG;
5 AB;demasiado;zu viel;Adjektiv;M.;SG;
5 AB;demasiada;zu viel;Adjektiv;F.;SG;
5 AB;el tráfico;Verkehr;Nomen;M.;SG;
5 AB;por cierto;übrigens, apropos;Phrase;;;
5 AB;contar;erzählen, zählen;Verb;;;
5 AB;la cosa;Ding, Sache;Nomen;F.;SG;
5 AB;el beso;Kuss (auch: Abschiedsformel in einer persönlichen E-Mail/einem persönlichen Brief);Nomen;M.;SG;
5 AB;el interior;Inneres;Nomen;M.;SG;
5 AB;continental;kontinental;Adjektiv;;;
5 AB;medir;messen;Verb;;;
5 AB;Vaticano;Vatikan;Nomen;M.;SG;
5 AB;Mónaco;Monaco;Nomen;M.;SG;
5 AB;la superficie;Oberfläche;Nomen;F.;SG;
5 AB;poblado;bewohnt, besiedelt;Adjektiv;M.;SG;
5 AB;poblada;bewohnt, besiedelt;Adjektiv;F.;SG;
5 AB;la Antártida;Antarktis;Nomen;F.;SG;
5 AB;el Polo Norte;Nordpol;Nomen;M.;SG;
5 AB;el Sáhara;Sahara;Nomen;M.;SG;
5 AB;bonito;schön, hübsch;Adjektiv;M.;SG;
5 AB;bonita;schön, hübsch;Adjektiv;F.;SG;
5 AB;impresionante;beeindruckend;Adjektiv;;;
5 AB;menos;am wenigsten;Adverb;;;
5 AB;seleccionar;auswählen, aussuchen;Verb;;;
5 AB;el sucre;ehemalige Währung Ecuadors;Nomen;M.;SG;
5 AB;el dólar;Dollar;Nomen;M.;SG;
5 AB;la vegetación;Vegetation;Nomen;F.;SG;
5 AB;el Nilo;Nil;Nomen;M.;SG;
5 AB;el puma;Puma;Nomen;M.;SG;
5 AB;la iguana;Leguan;Nomen;F.;SG;
5 AB;el cocodrilo;Krokodil;Nomen;M.;SG;
5 AB;la tortuga;Schildkröte;Nomen;F.;SG;
5 AB;el fiordo;Fjord;Nomen;M.;SG;
5 AB;la meseta;Hochebene;Nomen;F.;SG;
5 AB;costero;Küstenel;Adjektiv;M.;SG;
5 AB;costera;Küstenel;Adjektiv;F.;SG;
5 AB;sudoeste;Südwesten;Nomen;M.;SG;
5 AB;la puerta;Tür, Tor;Nomen;F.;SG;
5 AB;noruego;norwegisch;Adjektiv;M.;SG;
5 AB;noruega;norwegisch;Adjektiv;F.;SG;
5 AB;la entrada;Eingang;Nomen;F.;SG;
5 AB;el puerto;Hafen;Nomen;M.;SG;
5 AB;el carnaval;Karneval;Nomen;M.;SG;
5 AB;el recorrido;Rundgang, Tour;Nomen;M.;SG;
5 AB;subir;hochsteigen;Verb;;;
5 AB;el barco;Schiff;Nomen;M.;SG;
6;Mi ciudad, mi barrio Meine Stadt, mein Stadtviertel;Mi ciudad, mi barrio;Phrase;;;
6;el barrio;Stadtviertel;Nomen;M.;SG;
6;el adjetivo;Adjektiv;Nomen;M.;SG;
6;tradicional;traditionell;Adjektiv;;;
6;limpio;sauber;Adjektiv;M.;SG;
6;limpia;sauber;Adjektiv;F.;SG;
6;sostenible;nachhaltig;Adjektiv;;;
6;aburrido;langweilig;Adjektiv;M.;SG;
6;aburrida;langweilig;Adjektiv;F.;SG;
6;moderno;modern;Adjektiv;M.;SG;
6;moderna;modern;Adjektiv;F.;SG;
6;mediano;mittelmäßig, von mittlerer Größe;Adjektiv;M.;SG;
6;mediana;mittelmäßig, von mittlerer Größe;Adjektiv;F.;SG;
6;ruidoso;laut;Adjektiv;M.;SG;
6;ruidosa;laut;Adjektiv;F.;SG;
6;preferido;bevorzugt, Lieblings-;Adjektiv;M.;SG;
6;preferida;bevorzugt, Lieblings-;Adjektiv;F.;SG;
6 A;la encuesta;Umfrage;Nomen;F.;SG;
6 A;el ayuntamiento;Rathaus;Nomen;M.;SG;
6 A;valorar;bewerten;Verb;;;
6 A;por medio de;mittels, über;Phrase;;;
6 A;la nota;Note;Nomen;F.;SG;
6 A;totalmente;ganz, völlig;Adjektiv;;;
6 A;de acuerdo;einverstanden;Phrase;;;
6 A;para nada;überhaupt nicht;Phrase;;;
6 A;(con) respecto a;hinsichtlich;Präposition;;;
6 A;seguro;Sicher;Adjektiv;M.;SG;
6 A;segura;sichere;Adjektiv;F.;SG;
6 A;la criminalidad;Kriminalität;Nomen;F.;SG;
6 A;contaminado;verschmutzt, verseucht;Adjektiv;M.;SG;
6 A;contaminada;verschmutzte, verseuchte;Adjektiv;F.;SG;
6 A;la red;Netz;Nomen;F.;SG;
6 A;el transporte público;öffentliche Verkehrsmittel;Nomen;M.;SG;
6 A;la oferta;Angebot;Nomen;F.;SG;
6 A;el teatro;Theater;Nomen;M.;SG;
6 A;público;öffentlich;Adjektiv;M.;SG;
6 A;pública;öffentliche;Adjektiv;F.;SG;
6 A;el jardín;Garten;Nomen;M.;SG;
6 A;variado;abwechslungsreich, unterschiedlich;Adjektiv;M.;SG;
6 A;variada;abwechslungsreiche, unterschiedliche;Adjektiv;F.;SG;
6 A;el ruido;Lärm;Nomen;M.;SG;
6 A;próspero;wohlhabend;Adjektiv;M.;SG;
6 A;próspera;wohlhabende;Adjektiv;F.;SG;
6 A;el desempleo;Arbeitslosigkeit;Nomen;M.;SG;
6 A;la mejora;Verbesserung;Nomen;F.;SG;
6 A;la opinión;Meinung;Nomen;F.;SG;
6 A;el mar;Meer;Nomen;M.;SG;
6 A;vital;lebhaft, vital;Adjektiv;;;
6 A;la contaminación;Verschmutzung;Nomen;F.;SG;
6 A;el carril bici;Fahrradweg;Nomen;M.;SG;
6 A;el reciclaje;Recycling;Nomen;M.;SG;
6 A;la seguridad;Sicherheit;Nomen;F.;SG;
6 A;el medio ambiente;Umwelt;Nomen;M.;SG;
6 A;la movilidad;Beweglichkeit, Mobilität;Nomen;F.;SG;
6 B;aéreo;Luft-;Adjektiv;M.;SG;
6 B;aérea;Luft-;Adjektiv;F.;SG;
6 B;el párrafo;Absatz;Nomen;M.;SG;
6 B;la calidad;Qualität;Nomen;F.;SG;
6 B;contar con;verfügen über;Phrase;;;
6 B;gastronómico;gastronomisch;Adjektiv;M.;SG;
6 B;gastronómica;gastronomische;Adjektiv;F.;SG;
6 B;propio;eigen;Adjektiv;M.;SG;
6 B;propia;eigene;Adjektiv;F.;SG;
6 B;lleno;voll;Adjektiv;M.;SG;
6 B;llena;voll;Adjektiv;F.;SG;
6 B;la orilla;Ufer;Nomen;F.;SG;
6 B;cosmopolita;kosmopolitisch, weltbürgerlich;Adjektiv;;SG;
6 B;dinámico;dynamisch;Adjektiv;M.;SG;
6 B;dinámica;dynamisch;Adjektiv;F.;SG;
6 B;el artículo;Artikel;Nomen;M.;SG;
6 B;la ropa;Kleidung;Nomen;F.;SG;
6 B;playero;Strandel;Adjektiv;M.;SG;
6 B;playera;Strandel;Adjektiv;F.;SG;
6 B;Palacio de Congresos;Kongresshalle;Nomen;M.;SG;
6 B;la sede;Sitz;Nomen;F.;SG;
6 B;el Festival Internacional de cine;internationales Filmfestival;Nomen;M.;SG;
6 B;el festival;Festival;Nomen;M.;SG;
6 B;caro;teuer;Adjektiv;M.;SG;
6 B;cara;teuer;Adjektiv;F.;SG;
6 B;oriental;östlich;Adjektiv;;SG;
6 B;lejos;weit, weit entfernt;Adjektiv;;SG;
6 B;el desarrollo;Entwicklung, Wachstum;Nomen;M.;SG;
6 B;urbano;städtisch, Stadtproduzieren;Adjektiv;M.;SG;
6 B;urbana;städtisch, Stadtproduzieren;Adjektiv;F.;SG;
6 B;hervorbringen;auslösen;Verb;;;
6 B;la década;Jahrzehnt;Nomen;F.;SG;
6 B;la sociología;Soziologie;Nomen;F.;SG;
6 B;subrayar;unterstreichen;Verb;;;
6 B;decidir;entscheiden;Verb;;;
6 B;las afueras;Umgebung, Stadtrand;Nomen;F.;PL;
6 B;residencial;Wohnestresar;Adjektiv;;SG;
6 B;menor;kleiner;Adjektiv;;SG;
6 B;mejor;besser, bester;Adjektiv;;SG;
6 B;peor;schlechter;Adjektiv;;SG;
6 B;argumentar;begründen, argumentieren;Verb;;;
6 B;barato;billig;Adjektiv;M.;SG;
6 B;barata;billig;Adjektiv;F.;SG;
6 B;la zona peatonal;Fußgängerzone;Nomen;F.;SG;
6 B;la parada;Haltestelle;Nomen;F.;SG;
6 B;el autobús;Bus;Nomen;M.;SG;
6 B;el plano;Plan;Nomen;M.;SG;
6 B;sin embargo;trotzdem, dennoch;Konjunktion;;;
6 C;Disculpe,...;Entschuldigung,…;Phrase;;;
6 C;fácil;einfach;Adjektiv;;;
6 C;doblar;abbiegen;Verb;;;
6 C;seguir;weitergehen;Verb;;;
6 C;derecho;geradeaus;Adjektiv;;;
6 C;en total;insgesamt;Phrase;;;
6 C;tener que;müssen;Verb;;;
6 C;cruzar;überqueren;Verb;;;
6 C;ancho;breit, weit;Adjektiv;M.;SG;
6 C;ancha;breit, weit;Adjektiv;F.;SG;
6 C;el semáforo;Ampel;Nomen;M.;SG;
6 C;el edificio;Gebäude;Nomen;M.;SG;
6 C;el color;Farbe;Nomen;M.;SG;
6 C;blanco;weiß;Adjektiv;M.;SG;
6 C;blanca;weiß;Adjektiv;F.;SG;
6 C;De nada. Gern geschehen. / Nichts zu danken.;De nada. Gern geschehen. / Nichts zu danken.;Phrase;;;
6 C;la catedral;Kathedrale;Nomen;F.;SG;
6 C;algún;irgendein;Pronomen;M.;SG;
6 C;alguno;irgendein;Pronomen;M.;SG;
6 C;alguna;irgendein;Pronomen;F.;SG;
6 C;el correo;Post;Nomen;M.;SG;
6 C;el micro;Bus;Nomen;M.;SG;LA
6 C;entonces;dann;Konjunktion;;;
6 C;la esquina;Ecke;Nomen;F.;SG;
6 C;la expresión;Ausdruck;Nomen;F.;SG;
6 C;girar;abbiegen;Verb;;;
6 C;todo recto;geradeaus;Phrase;;;
6 C;perdón;Entschuldigung;Phrase;;;
6 C;el café;Café;Nomen;M.;SG;
6 C;ningún;keiner;Pronomen;M.;SG;
6 C;ninguno;keiner;Pronomen;M.;SG;
6 C;ninguna;keiner;Pronomen;F.;SG;
6 C;el cajero automático;Geldautomat;Nomen;M.;SG;
6 C;el laboratorio de idiomas;Sprachlabor;Nomen;M.;SG;
6 C;el centro de fotocopias;Copy-Shop (in einer Universität);Nomen;M.;SG;
6 C;el Instituto Tecnológico;technologisches Institut;Nomen;M.;SG;
6 C;los baños públicos;öffentliche Toiletten;Nomen;M.;PL;
6 C;enfrente;gegenüber;Adverb;;;
6 C;a la derecha;rechts;Phrase;;;
6 C;lento;langsam;Adjektiv;M.;SG;
6 C;lenta;langsam;Adjektiv;F.;SG;
6 C;confortable;komfortabel;Adjektiv;;;
6 C;cómodo;bequem, gemütlich;Adjektiv;M.;SG;
6 C;ecológico;umweltfreundlich, ökologisch;Adjektiv;M.;SG;
6 C;ecológica;umweltfreundliche, ökologische;Adjektiv;F.;SG;
6 C;contaminante;umweltverschmutzend;Adjektiv;;SG;
6 C;el tren;Zug;Nomen;M.;SG;
6 C;el medio de transporte;Transportmittel;Nomen;M.;SG;
6 C;el taxi;Taxi;Nomen;M.;SG;
6 C;el tranvía;Straßenbahn;Nomen;M.;SG;
6 C;moverse;sich bewegen;Verb;;;
6 C;la tabla;Tabelle;Nomen;F.;SG;
6 C;la dirección;Richtung;Nomen;F.;SG;
6 C;bajar;aussteigen;Verb;;;
6 Proyecto;responder;antworten;Verb;;;
6 Proyecto;faltar;fehlen;Verb;;;
6 Proyecto;la vivienda;Wohnung;Nomen;F.;SG;
6 Proyecto;la propuesta;Vorschlag;Nomen;F.;SG;
6 Mi gramática;el dibujo;Zeichnung;Nomen;M.;SG;
6 Mi gramática;corregir;korrigieren;Verb;;;
6 Mi gramática;la localización;Standort;Nomen;F.;SG;
6 Mi gramática;la existencia;Vorhandensein, Existenz;Nomen;F.;SG;
6 Mi gramática;andar;laufen, gehen;Verb;;;
6 Mi léxico;el establecimiento;Geschäft, Einrichtung;Nomen;M.;SG;
6 Mi léxico;tomar prestado;entleihen, ausleihen;Verb;;;
6 Mi léxico;comprar;kaufen;Verb;;;
6 Mi léxico;la aspirina;Aspirin®;Nomen;F.;SG;
6 Mi léxico;el sello;Briefmarke;Nomen;M.;SG;
6 Mi léxico;la carta;Brief;Nomen;F.;SG;
6 Mi léxico;la postal;Postkarte;Nomen;F.;SG;
6 Mi léxico;pasear;spazieren gehen;Verb;;;
6 Mi léxico;el préstamo;(Aus)leihen;Nomen;M.;SG;
6 Mi léxico;el envío;Sendung, Versand;Nomen;M.;SG;
6 Mi léxico;el juego;Spiel;Nomen;M.;SG;
6 Mi léxico;la finalidad;Ziel, Zweck;Nomen;F.;SG;
6 Cultura;hispano;spanisch, Hispano;Adjektiv;M.;SG;
6 Cultura;hispana;spanisch, Hispana;Adjektiv;F.;SG;
6 Cultura;la hipótesis;Hypothese, Annahme;Nomen;F.;SG;
6 Cultura;el estilo;Stil;Nomen;M.;SG;
6 Cultura;planificar;planen;Verb;;;
6 Cultura;la estructura;Struktur;Nomen;F.;SG;
6 Cultura;el criterio;Kriterium;Nomen;M.;SG;
6 Cultura;establecer;festlegen, aufstellen;Verb;;;
6 Cultura;la construcción;Bau, Baukunst;Nomen;F.;SG;
6 Cultura;construir;bauen, errichten;Verb;;;
6 Cultura;la característica;Merkmal, Eigenschaft;Nomen;F.;SG;
6 Cultura;la Plaza de Armas;Hauptplatz einer Stadt;Nomen;F.;SG;LA
6 Cultura;la forma;Form;Nomen;F.;SG;
6 Cultura;rectangular;rechteckig;Adjektiv;;;
6 Cultura;proporcional;verhältnismäßig, proportional;Adjektiv;;;
6 Cultura;partir (de);ausgehen (von);Verb;;;
6 Cultura;estrecho;eng;Adjektiv;M.;;
6 Cultura;estrecha;eng;Adjektiv;F.;;
6 Cultura;cálido;warm;Adjektiv;M.;;
6 Cultura;cálida;warm;Adjektiv;F.;;
6 Cultura;la iglesia;Kirche;Nomen;F.;SG;
6 Cultura;prominente;vorstehend, hervortretend;Adjektiv;;;
6 Cultura;por encima de;über, höher als;Preposición;;;
6 Cultura;el nivel;Ebene, Niveau;Nomen;M.;SG;
6 Cultura;el suelo;(Erd)boden;Nomen;M.;SG;
6 Cultura;la escalera;Treppe;Nomen;F.;SG;
6 Cultura;institucional;institutionell;Adjektiv;;;
6 Cultura;monumental;gewaltig, monumental;Adjektiv;;;
6 Cultura;la alcaldía (LA);Rathaus;Nomen;F.;SG;LA
6 Cultura;el gobierno;Regierung;Nomen;M.;SG;
6 Cultura;bello;schön;Adjektiv;M.;;
6 Cultura;bella;schön;Adjektiv;F.;;
6 Cultura;encontrar;finden;Verb;;;
6 Cultura;aparecer;erscheinen;Verb;;;
6 AB;la metrópoli;Weltstadt, Metropole;Nomen;F.;SG;
6 AB;la aldea;Dorf;Nomen;F.;SG;
6 AB;la industria;Industrie;Nomen;F.;SG;
6 AB;el sector;Sektor;Nomen;M.;SG;
6 AB;la colonia;Kolonie;Nomen;F.;SG;
6 AB;originario;ursprünglich;Adjektiv;M.;;
6 AB;originaria;ursprünglich;Adjektiv;F.;;
6 AB;Grecia;Griechenland;Nomen;;;
6 AB;referirse (a);sich beziehen (auf);Verb;;;
6 AB;la avenida;Boulevard, Allee;Nomen;F.;SG;
6 AB;el auto LA;Auto;Nomen;M.;SG;LA
6 AB;sobre todo;vor allem;Adverbio;;;
6 AB;ir de compras;shoppen, einen Einkaufsbummel machen;Verb;;;
6 AB;innumerable;unzählig, zahllos;Adjektiv;;;
6 AB;pintoresco;malerisch, pittoresk;Adjektiv;M.;;
6 AB;pintoresca;malerisch, pittoresk;Adjektiv;F.;;
6 AB;gótico;gotisch;Adjektiv;M.;;
6 AB;gótica;gotisch;Adjektiv;F.;;
6 AB;la etapa;Etappe;Nomen;F.;SG;
6 AB;el Camino de Santiago;Jakobsweg;Nomen;M.;SG;
6 AB;la comunidad;autonome Region Spaniens;Nomen;F.;SG;
6 AB;el monasterio;Kloster;Nomen;M.;SG;
6 AB;contento;zufrieden;Adjektiv;M.;SG;
6 AB;contenta;zufriedene;Adjektiv;F.;SG;
6 AB;existir;existieren, vorhanden sein;Verb;;;
6 AB;peligroso;gefährlich;Adjektiv;M.;SG;
6 AB;peligrosa;gefährliche;Adjektiv;F.;SG;
6 AB;antes;früher;Adv;;;
6 AB;el cliente;Kunde;Nomen;M.;SG;
6 AB;la clienta;Kundin;Nomen;F.;SG;
6 AB;todavía;noch;Adv;;;
6 AB;inseguro;unsicher;Adjektiv;M.;SG;
6 AB;insegura;unsichere;Adjektiv;F.;SG;
6 AB;la violencia;Gewalt;Nomen;F.;SG;
6 AB;sucio;schmutzig, dreckig;Adjektiv;M.;SG;
6 AB;sucia;schmutzige, dreckige;Adjektiv;F.;SG;
6 AB;el papel;Papier;Nomen;M.;SG;
6 AB;la basura;Müll;Nomen;F.;SG;
6 AB;ambiental;Umwelt-;Adjektiv;;;
6 AB;en fin;kurz und gut;Phrase;;;
6 AB;un par de días;einige Tage;Phrase;;;
6 AB;el quiosco;Kiosk;Nomen;M.;SG;
6 AB;grandes almacenes;Kaufhaus;Nomen;;PL;
6 AB;la panadería;Bäckerei;Nomen;F.;SG;
6 AB;la moda;Mode;Nomen;F.;SG;
6 AB;practicar deporte;Sport treiben;Phrase;;;
6 AB;la librería;Buchhandlung;Nomen;F.;SG;
6 AB;la fotocopiadora;Fotokopiergerät;Nomen;F.;SG;
6 AB;el pasillo;Gang;Nomen;M.;SG;
6 AB;pasado;vergangen, vorig;Adjektiv;;;
6 AB;poner;hier: Musik (auf)legen;Verb;;;
6 AB;coger;nehmen;Verb;;;
6 AB;la hamburguesería;Burgerladen;Nomen;F.;SG;
6 AB;la óptica;Optiker;Nomen;F.;SG;
6 AB;el estanco;Tabakwarenladen;Nomen;M.;SG;
6 AB;la telefonía móvil;Mobilfunk;Nomen;F.;SG;
6 AB;justo;genau, gerade;Adv;;;
6 AB;el punto de partida;Ausgangspunkt;Nomen;M.;SG;
6 AB;continuar;weitergehen;Verb;;;
6 AB;¡Hasta luego!;Bis später!;Phrase;;;
6 AB;dirigirse (a);sich wenden an;Verb;;;
6 AB;de todos modos;auf alle Fälle, jedenfalls;Phrase;;;
6 AB;al fondo;hinten;Phrase;;;
6 AB;la carretera;Landstraße;Nomen;F.;SG;
6 AB;la autopista;Autobahn;Nomen;F.;SG;
7;De fin de semana;Am Wochenende;Phrase;;;
7;dar un paseo;spazieren gehen;Phrase;;;
7 A;todavía no;noch nicht;Phrase;;;
7 A;el título;Titel;Nomen;M.;SG;
7 A;madrileño;Madrider;Adjektiv;M.;SG;
7 A;madrileña;Madriderin;Adjektiv;F.;SG;
7 A;la cita;Termin, Verabredung;Nomen;F.;SG;
7 A;el aperitivo;Aperitiv;Nomen;M.;SG;
7 A;el atardecer;Dämmerung;Nomen;M.;SG;
7 A;reunir;vereinen, sammeln;Verb;;;
7 A;el trío;Trio;Nomen;M.;SG;
7 A;añadir;hinzufügen;Verb;;;
7 A;la entrada;Eintritt(skarte);Nomen;F.;SG;
7 A;gratis;kostenlos, gratis;Adjektiv;;;
7 A;pleno;voll;Adjektiv;M.;SG;
7 A;plena;voll;Adjektiv;F.;SG;
7 A;el corazón;Herz;Nomen;M.;SG;
7 A;la ruta;Weg, Route;Nomen;F.;SG;
7 A;encontrarse;sich befinden;Verb;;;
7 A;el picnic;Picknick;Nomen;M.;SG;
7 A;la zapatería;Schuhgeschäft, Schuhmacherei;Nomen;F.;SG;
7 A;el precio;Preis;Nomen;M.;SG;
7 A;contemplar;betrachten, anschauen;Verb;;;
7 A;la tonalidad;Schattierung;Nomen;F.;SG;
7 A;el cielo;Himmel;Nomen;M.;SG;
7 A;la movida;geschäftiges Treiben, Action;Nomen;F.;SG;
7 A;llenarse;sich füllen;Verb;;;
7 A;el concierto;Konzert;Nomen;M.;SG;
7 A;el mercadillo;Flohmarkt;Nomen;M.;SG;
7 A;el musical;Musical;Nomen;M.;SG;
7 A;romper;(zer)brechen;Verb;;;
7 A;pasar;verbringen;Verb;;;
7 A;el jamón de Bellota;Schinkenspezialität aus Spanien;Nomen;M.;SG;
7 A;flamenco;Flamenco-;Adjektiv;M.;SG;
7 A;flamenca;Flamenco-;Adjektiv;F.;SG;
7 A;la torre;Turm;Nomen;F.;SG;
7 B;la guía;Reiseführer (Buch);Nomen;F.;SG;
7 B;la verdad;Wahrheit;Nomen;F.;SG;
7 B;agotador;anstrengend;Adjektiv;M.;SG;
7 B;agotadora;anstrengend;Adjektiv;F.;SG;
7 B;estupendo;wunderbar, toll;Adjektiv;M.;SG;
7 B;estupenda;wunderbar, toll;Adjektiv;F.;SG;
7 B;acabar de hacer algo;soeben etwas getan haben;Phrase;;;
7 B;la marcha;Ausgehen;Nomen;F.;SG;
7 B;entrar;beginnen;Verb;;;
7 B;probar;versuchen, probieren;Verb;;;
7 B;el sabor;Geschmack;Nomen;M.;SG;
7 B;la taberna;Kneipe;Nomen;F.;SG;
7 B;la especialidad;Spezialität;Nomen;F.;SG;
7 B;el tamal;Maispastete (Maisteig und Fleisch, das in Blätter eingewickelt und gedämpft wird);Nomen;M.;SG;
7 B;en vivo;live;Phrase;;;
7 B;la actualidad;Aktuelles, Gegenwart;Nomen;F.;SG;
7 B;el género;Genre;Nomen;M.;SG;
7 B;la comedia;Komödie;Nomen;F.;SG;
7 B;el festivo;Feiertag;Nomen;M.;SG;
7 B;el laborable;Werktag;Nomen;M.;SG;
7 B;el espectador;Zuschauer;Nomen;M.;SG;
7 B;la espectadora;Zuschauerin;Nomen;F.;SG;
7 B;la colección;Sammlung;Nomen;F.;SG;
7 B;permanente;ständig, dauerhaft;Adjektiv;;;
7 B;el cubismo;Kubismus;Nomen;M.;SG;
7 B;la taquilla;Kasse;Nomen;F.;SG;
7 B;finalizar;enden, beenden;Verb;;;
7 B;el minuto;Minute;Nomen;M.;SG;
7 B;el cierre;Schließen;Nomen;M.;SG;
7 B;precios sujetos a variaciones del IVA;die Preise unterliegen dem jeweils gültigen Mehrwertsteuersatz;Phrase;;;
7 B;contestar;beantworten;Verb;;;
7 B;la sesión;Vorstellung;Nomen;F.;SG;
7 B;expresar;ausdrücken;Verb;;;
7 B;el deseo;Wunsch;Nomen;M.;SG;
7 B;la caja;Kasten;Nomen;F.;SG;
7 C;ordenar;ordnen;Verb;;;
7 C;Vale.;Einverstanden.;Phrase;;;
7 C;el calendario;Kalender;Nomen;M.;SG;
7 C;cumplir años;Geburtstag haben;Phrase;;;
7 C;la reserva;Reservierung;Nomen;F.;SG;
7 C;el álbum;(Foto)album;Nomen;M.;SG;
7 C;la tarjeta;Karte;Nomen;F.;SG;
7 C;la felicitación;Glückwunsch, Gratulation;Nomen;F.;SG;
7 C;el regalo;Geschenk;Nomen;M.;SG;
7 C;la llamada;Anruf;Nomen;F.;SG;
7 C;la tarta;Torte;Nomen;F.;SG;
7 Proyecto;el grupo meta;Zielgruppe;Nomen;M.;SG;
7 Proyecto;el colegio;Schule;Nomen;M.;SG;
7 Proyecto;el encuentro;Treffen;Nomen;M.;SG;
7 Proyecto;la noticia;Nachricht;Nomen;F.;SG;
7 Proyecto;el besito;Küsschen (auch: Abschiedsformel in einem Brief);Nomen;M.;SG;
7 Mi gramática;tratarse;sich handeln um;Verb;;;
7 Mi gramática;correspondiente;jeweilig, entsprechend;Adjektiv;;;
7 Mi gramática;reservar;reservieren;Verb;;;
7 Mi gramática;traer;(her)bringen;Verb;;;
7 Mi léxico;la flauta;Flöte;Nomen;F.;SG;
7 Mi léxico;el piano;Klavier;Nomen;M.;SG;
7 Mi léxico;el golf;Golf;Nomen;M.;SG;
7 Mi léxico;bajo;unter;Adjektiv;;;
7 Mi léxico;la categoría;Kategorie;Nomen;F.;SG;
7 Cultura;actual;gegenwärtig, aktuell;Adjektiv;;;
7 Cultura;vacacional;Ferienel;Adjektiv;;;
7 Cultura;informe;Bericht;Nomen;M.;SG;
7 Cultura;realizar;durchführen;Verb;;;
7 Cultura;el resultado;Ergebnis;Nomen;M.;SG;
7 Cultura;la lectura;Lektüre, Lesen;Nomen;F.;SG;
7 Cultura;el lector;Leser;Nomen;M.;SG;
7 Cultura;la lectora;Leserin;Nomen;F.;SG;
7 Cultura;electrónico;elektronisch;Adjektiv;M.;SG;
7 Cultura;electrónica;elektronisch;Adjektiv;F.;SG;
7 Cultura;masculino;männlich, maskulin;Adjektiv;M.;SG;
7 Cultura;masculina;männlich, maskulin;Adjektiv;F.;SG;
7 Cultura;duplicar;verdoppeln;Verb;;;
7 Cultura;a diario;täglich;Adv;;;
7 Cultura;(estar) metido en;sich beschäftigen mit;Phrase;;;
7 Cultura;(estar) metida en;sich beschäftigen mit;Phrase;;;
7 Cultura;la red social;soziales Netzwerk;Nomen;F.;SG;
7 Cultura;pasar el rato;sich die Zeit vertreiben;Phrase;;;
7 Cultura;compartir;teilen;Verb;;;
7 Cultura;útil;nützlich;Adjektiv;;;
7 Cultura;la conclusión;Schluss(folgerung), Fazit;Nomen;F.;SG;
7 Cultura;observar;beobachten;Verb;;;
7 Cultura;navegar;im Internet surfen;Verb;;;
7 Cultura;la atención;Aufmerksamkeit;Nomen;F.;SG;
7 Cultura;la participación;Beteiligung, Teilnahme;Nomen;F.;SG;
7 Cultura;pertenecer (a);gehören (zu);Verb;;;
7 Cultura;absoluto;absolut, völlig;Adjektiv;M.;SG;
7 Cultura;absoluta;absolut, völlig;Adjektiv;F.;SG;
7 Cultura;la asociación;Verein;Nomen;F.;SG;
7 Cultura;u (vor o und ho);oder;Konjunktion;;;
7 Cultura;la organización;Einrichtung, Organisation;Nomen;F.;SG;
7 Cultura;juvenil;Jugend-;Adjektiv;;;
7 AB;el participio;Partizip;Nomen;M.;SG;
7 AB;poner;stellen, setzen, legen;Verb;;;
7 AB;mejorar;verbessern;Verb;;;
7 AB;tomar apuntes;sich Notizen machen;Phrase;;;
7 AB;el apunte;Notiz, Aufzeichnung;Nomen;M.;SG;
7 AB;el presente;Gegenwart;Nomen;M.;SG;
7 AB;será (Futur von ser);es wird sein;Verb;;;
7 AB;alérgico;allergisch;Adjektiv;M.;SG;
7 AB;¡Vaya! Na sowas!; Was du nicht sagst!;Phrase;;;
7 AB;el folk;Folkmusik;Nomen;M.;SG;
7 AB;la pintura;Malerei;Nomen;F.;SG;
7 AB;pasado mañana;übermorgen;Phrase;;;
7 AB;dentro de;innerhalb (von);Phrase;;;
7 AB;devolver;zurückgeben;Verb;;;
7 AB;fatal;unangenehm, mies;Adjektiv;;;
7 AB;esconder;verstecken;Verb;;;
7 AB;el crédito;Kredit;Nomen;M.;SG;
7 AB;informar;informieren;Verb;;;
7 AB;proteger;schützen, beschützen;Verb;;;
7 AB;precisamente;genau;Adverb;;;
7 AB;el panecillo;Brötchen;Nomen;M.;SG;
7 AB;lógico;logisch, selbstverständlich;Adjektiv;M.;SG;
7 AB;lógica;logische, selbstverständliche;Adjektiv;F.;SG;
7 AB;las patatas fritas;Kartoffelchips;Nomen;F.;PL;
7 AB;la patata;Kartoffel;Nomen;F.;SG;
7 AB;frito;gebraten;Adjektiv;M.;SG;
7 AB;frita;gebratene;Adjektiv;F.;SG;
7 AB;la idea;Idee;Nomen;F.;SG;